date,raw_pnl,gross_mult,pnl,equity
2018-01-02,0.0,1.0,0.0,100000.0
2018-01-03,0.0,1.0,0.0,100000.0
2018-01-04,0.0,1.0,0.0,100000.0
2018-01-05,0.0,1.0,0.0,100000.0
2018-01-08,0.0,1.0,0.0,100000.0
2018-01-09,0.0,1.0,0.0,100000.0
2018-01-10,0.0,1.0,0.0,100000.0
2018-01-11,0.0,1.0,0.0,100000.0
2018-01-12,0.0,1.0,0.0,100000.0
2018-01-15,0.0,1.0,0.0,100000.0
2018-01-16,0.0,1.0,0.0,100000.0
2018-01-17,0.0,1.0,0.0,100000.0
2018-01-18,0.0,1.0,0.0,100000.0
2018-01-19,0.0,1.0,0.0,100000.0
2018-01-22,0.0,1.0,0.0,100000.0
2018-01-23,0.0,1.0,0.0,100000.0
2018-01-24,0.0,1.0,0.0,100000.0
2018-01-25,0.0,1.0,0.0,100000.0
2018-01-26,0.0,1.0,0.0,100000.0
2018-01-28,0.0,1.0,0.0,100000.0
2018-01-29,0.0,1.0,0.0,100000.0
2018-01-30,0.0,1.0,0.0,100000.0
2018-01-31,0.0,1.0,0.0,100000.0
2018-02-01,0.0,1.0,0.0,100000.0
2018-02-02,0.0,1.0,0.0,100000.0
2018-02-05,0.0,1.0,0.0,100000.0
2018-02-06,0.0,1.0,0.0,100000.0
2018-02-07,0.0,1.0,0.0,100000.0
2018-02-08,0.0,1.0,0.0,100000.0
2018-02-09,0.0,1.0,0.0,100000.0
2018-02-12,0.0,1.0,0.0,100000.0
2018-02-13,0.0,1.0,0.0,100000.0
2018-02-14,0.0,1.0,0.0,100000.0
2018-02-15,0.0,1.0,0.0,100000.0
2018-02-16,0.0,1.0,0.0,100000.0
2018-02-17,0.0,1.0,0.0,100000.0
2018-02-19,0.0,1.0,0.0,100000.0
2018-02-20,0.0,1.0,0.0,100000.0
2018-02-21,0.0,1.0,0.0,100000.0
2018-02-22,0.0,1.0,0.0,100000.0
2018-02-23,0.0,1.0,0.0,100000.0
2018-02-24,0.0,1.0,0.0,100000.0
2018-02-26,0.0,1.0,0.0,100000.0
2018-02-27,0.0,1.0,0.0,100000.0
2018-02-28,0.0,1.0,0.0,100000.0
2018-03-01,0.0,1.0,0.0,100000.0
2018-03-02,0.0,1.0,0.0,100000.0
2018-03-03,0.0,1.0,0.0,100000.0
2018-03-05,0.0,1.0,0.0,100000.0
2018-03-06,0.0,1.0,0.0,100000.0
2018-03-07,0.0,1.0,0.0,100000.0
2018-03-08,0.0,1.0,0.0,100000.0
2018-03-09,0.0,1.0,0.0,100000.0
2018-03-12,0.0,1.0,0.0,100000.0
2018-03-13,0.0,1.0,0.0,100000.0
2018-03-14,0.0,1.0,0.0,100000.0
2018-03-15,0.0,1.0,0.0,100000.0
2018-03-16,0.0,1.0,0.0,100000.0
2018-03-18,0.0,1.0,0.0,100000.0
2018-03-19,0.0,1.0,0.0,100000.0
2018-03-20,0.0,1.0,0.0,100000.0
2018-03-21,0.0,1.0,0.0,100000.0
2018-03-22,0.0,1.0,0.0,100000.0
2018-03-23,1247.7,1.0,1247.7,101247.7
2018-03-26,1980.04,1.0,1980.04,103227.73999999999
2018-03-27,2929.7200000000003,1.0,2929.7200000000003,106157.45999999999
2018-03-28,142.4,1.0,142.4,106299.85999999999
2018-03-29,121.7100000000001,1.0,121.7100000000001,106421.56999999999
2018-03-30,-500.1,1.0,-500.1,105921.46999999999
2018-04-02,2153.31,1.0,2153.31,108074.77999999998
2018-04-03,1366.81,1.0,1366.81,109441.58999999998
2018-04-04,1202.9399999999998,1.0,1202.9399999999998,110644.52999999998
2018-04-05,90.64999999999998,1.0,90.64999999999998,110735.17999999998
2018-04-06,-185.88,1.0,-185.88,110549.29999999997
2018-04-09,-1250.7300000000002,1.0,-1250.7300000000002,109298.56999999998
2018-04-10,-1376.21,1.0,-1376.21,107922.35999999997
2018-04-11,8304.13,1.0,8304.13,116226.48999999998
2018-04-12,3082.75,1.0,3082.75,119309.23999999998
2018-04-13,76.50999999999996,1.0,76.50999999999996,119385.74999999997
2018-04-16,-832.63,1.0,-832.63,118553.11999999997
2018-04-17,3314.27,1.0,3314.27,121867.38999999997
2018-04-18,1342.82,1.0,1342.82,123210.20999999998
2018-04-19,-69.88,1.0,-69.88,123140.32999999997
2018-04-20,1455.95,1.0,1455.95,124596.27999999997
2018-04-23,-462.16999999999996,1.0,-462.16999999999996,124134.10999999997
2018-04-24,4263.4,1.0,4263.4,128397.50999999997
2018-04-25,-3657.91,1.0,-3657.91,124739.59999999996
2018-04-26,-3883.5299999999997,1.0,-3883.5299999999997,120856.06999999996
2018-04-27,82.12999999999994,1.0,82.12999999999994,120938.19999999997
2018-04-30,1030.5899999999995,1.0,1030.5899999999995,121968.78999999996
2018-05-01,-1247.47,1.0,-1247.47,120721.31999999996
2018-05-02,-2569.21,1.0,-2569.21,118152.10999999996
2018-05-03,3053.98,1.0,3053.98,121206.08999999995
2018-05-04,1474.22,1.0,1474.22,122680.30999999995
2018-05-07,1451.65,1.0,1451.65,124131.95999999995
2018-05-08,-2358.45,1.0,-2358.45,121773.50999999995
2018-05-09,1358.32,1.0,1358.32,123131.82999999996
2018-05-10,3152.6500000000005,1.0,3152.6500000000005,126284.47999999995
2018-05-11,1321.9399999999998,1.0,1321.9399999999998,127606.41999999995
2018-05-14,388.8399999999999,1.0,388.8399999999999,127995.25999999995
2018-05-15,6845.82,1.0,6845.82,134841.07999999996
2018-05-16,183.59999999999988,1.0,183.59999999999988,135024.67999999996
2018-05-17,-3366.38,1.0,-3366.38,131658.29999999996
2018-05-18,539.9300000000001,1.0,539.9300000000001,132198.22999999995
2018-05-21,5370.719999999999,1.0,5370.719999999999,137568.94999999995
2018-05-22,-150.73000000000002,1.0,-150.73000000000002,137418.21999999994
2018-05-23,392.8399999999999,1.0,392.8399999999999,137811.05999999994
2018-05-24,773.51,1.0,773.51,138584.56999999995
2018-05-25,283.34999999999997,1.0,283.34999999999997,138867.91999999995
2018-05-28,551.0699999999998,1.0,551.0699999999998,139418.98999999996
2018-05-29,-193.5400000000003,1.0,-193.5400000000003,139225.44999999995
2018-05-30,754.67,1.0,754.67,139980.11999999997
2018-05-31,-2330.3600000000006,1.0,-2330.3600000000006,137649.75999999995
2018-06-01,-5940.9,1.0,-5940.9,131708.85999999996
2018-06-04,-368.28999999999996,1.0,-368.28999999999996,131340.56999999995
2018-06-05,-697.99,1.0,-697.99,130642.57999999994
2018-06-06,-986.6400000000001,1.0,-986.6400000000001,129655.93999999994
2018-06-07,1883.01,1.0,1883.01,131538.94999999995
2018-06-08,228.5,1.0,228.5,131767.44999999995
2018-06-11,-731.5300000000001,1.0,-731.5300000000001,131035.91999999995
2018-06-12,1613.0700000000002,1.0,1613.0700000000002,132648.98999999996
2018-06-13,-11.040000000000077,1.0,-11.040000000000077,132637.94999999995
2018-06-14,-2556.15,1.0,-2556.15,130081.79999999996
2018-06-15,1625.1399999999999,1.0,1625.1399999999999,131706.93999999997
2018-06-18,-256.42999999999984,1.0,-256.42999999999984,131450.50999999998
2018-06-19,3395.49,1.0,3395.49,134845.99999999997
2018-06-20,719.0200000000001,1.0,719.0200000000001,135565.01999999996
2018-06-21,1826.94,1.0,1826.94,137391.95999999996
2018-06-22,3026.1000000000004,1.0,3026.1000000000004,140418.05999999997
2018-06-25,3702.31,1.0,3702.31,144120.36999999997
2018-06-26,6078.16,1.0,6078.16,150198.52999999997
2018-06-27,5981.71,1.0,5981.71,156180.23999999996
2018-06-28,3839.74,1.0,3839.74,160019.97999999995
2018-06-29,2241.17,1.0,2241.17,162261.14999999997
2018-07-02,6569.0,1.0,6569.0,168830.14999999997
2018-07-03,-377.6000000000001,1.0,-377.6000000000001,168452.54999999996
2018-07-04,1900.0900000000001,1.0,1900.0900000000001,170352.63999999996
2018-07-05,55.10000000000002,1.0,55.10000000000002,170407.73999999996
2018-07-06,1318.49,1.0,1318.49,171726.22999999995
2018-07-09,2629.1800000000003,1.0,2629.1800000000003,174355.40999999995
2018-07-10,16.6099999999999,1.0,16.6099999999999,174372.01999999993
2018-07-11,1839.3399999999997,1.0,1839.3399999999997,176211.35999999993
2018-07-12,5414.34,1.0,5414.34,181625.69999999992
2018-07-13,-1174.83,1.0,-1174.83,180450.86999999994
2018-07-16,-1177.25,1.0,-1177.25,179273.61999999994
2018-07-17,7233.209999999999,1.0,7233.209999999999,186506.82999999993
2018-07-18,2015.1999999999998,1.0,2015.1999999999998,188522.02999999994
2018-07-19,4795.37,1.0,4795.37,193317.39999999994
2018-07-20,-908.0799999999999,1.0,-908.0799999999999,192409.31999999995
2018-07-23,-835.3199999999999,1.0,-835.3199999999999,191573.99999999994
2018-07-24,1.5300000000000296,1.0,1.5300000000000296,191575.52999999994
2018-07-25,653.79,1.0,653.79,192229.31999999995
2018-07-26,-3036.1000000000004,1.0,-3036.1000000000004,189193.21999999994
2018-07-27,1649.58,1.0,1649.58,190842.79999999993
2018-07-30,3066.0,1.0,3066.0,193908.79999999993
2018-07-31,5479.599999999999,1.0,5479.599999999999,199388.39999999994
2018-08-01,-1034.48,1.0,-1034.48,198353.91999999993
2018-08-02,1574.6,1.0,1574.6,199928.51999999993
2018-08-03,3618.1400000000003,1.0,3618.1400000000003,203546.65999999995
2018-08-06,594.79,1.0,594.79,204141.44999999995
2018-08-07,-186.58999999999997,1.0,-186.58999999999997,203954.85999999996
2018-08-08,280.9200000000001,1.0,280.9200000000001,204235.77999999997
2018-08-09,131.52000000000004,1.0,131.52000000000004,204367.29999999996
2018-08-10,-1746.86,1.0,-1746.86,202620.43999999997
2018-08-13,1857.1499999999996,1.0,1857.1499999999996,204477.58999999997
2018-08-14,856.22,1.0,856.22,205333.80999999997
2018-08-15,7227.75,1.0,7227.75,212561.55999999997
2018-08-16,14723.039999999999,1.0,14723.039999999999,227284.59999999998
2018-08-17,317.48,1.0,317.48,227602.08
2018-08-20,60.41,1.0,60.41,227662.49
2018-08-21,685.1100000000004,1.0,685.1100000000004,228347.59999999998
2018-08-22,2945.13,1.0,2945.13,231292.72999999998
2018-08-23,-336.25,1.0,-336.25,230956.47999999998
2018-08-24,939.3600000000001,1.0,939.3600000000001,231895.83999999997
2018-08-27,1403.55,1.0,1403.55,233299.38999999996
2018-08-28,1438.75,1.0,1438.75,234738.13999999996
2018-08-29,862.79,1.0,862.79,235600.92999999996
2018-08-30,858.17,1.0,858.17,236459.09999999998
2018-08-31,730.52,1.0,730.52,237189.61999999997
2018-09-03,-1890.17,1.0,-1890.17,235299.44999999995
2018-09-04,703.8900000000001,1.0,703.8900000000001,236003.33999999997
2018-09-05,-1211.19,1.0,-1211.19,234792.14999999997
2018-09-06,2495.6800000000007,1.0,2495.6800000000007,237287.82999999996
2018-09-07,-453.6499999999999,1.0,-453.6499999999999,236834.17999999996
2018-09-10,-372.6,1.0,-372.6,236461.57999999996
2018-09-11,-2394.0699999999997,1.0,-2394.0699999999997,234067.50999999995
2018-09-12,-2570.11,1.0,-2570.11,231497.39999999997
2018-09-13,-3391.09,1.0,-3391.09,228106.30999999997
2018-09-14,-327.47,1.0,-327.47,227778.83999999997
2018-09-17,856.97,1.0,856.97,228635.80999999997
2018-09-18,-174.66000000000005,1.0,-174.66000000000005,228461.14999999997
2018-09-19,2087.7799999999997,1.0,2087.7799999999997,230548.92999999996
2018-09-20,378.28999999999996,1.0,378.28999999999996,230927.21999999997
2018-09-21,-1748.98,1.0,-1748.98,229178.23999999996
2018-09-24,-2803.0,1.0,-2803.0,226375.23999999996
2018-09-25,1207.62,1.0,1207.62,227582.85999999996
2018-09-26,-1498.88,1.0,-1498.88,226083.97999999995
2018-09-27,3755.6,1.0,3755.6,229839.57999999996
2018-09-28,870.08,1.0,870.08,230709.65999999995
2018-10-01,332.20000000000005,1.0,332.20000000000005,231041.85999999996
2018-10-02,-50.97000000000003,1.0,-50.97000000000003,230990.88999999996
2018-10-03,436.5399999999999,1.0,436.5399999999999,231427.42999999996
2018-10-04,-14.620000000000005,1.0,-14.620000000000005,231412.80999999997
2018-10-05,2327.8399999999997,1.0,2327.8399999999997,233740.64999999997
2018-10-08,2342.42,1.0,2342.42,236083.06999999998
2018-10-09,-1280.13,1.0,-1280.13,234802.93999999997
2018-10-10,6833.120000000001,1.0,6833.120000000001,241636.05999999997
2018-10-11,6463.66,1.0,6463.66,248099.71999999997
2018-10-12,1394.23,1.0,1394.23,249493.94999999998
2018-10-15,5881.5999999999985,1.0,5881.5999999999985,255375.55
2018-10-16,-410.19000000000005,1.0,-410.19000000000005,254965.36
2018-10-17,1809.4099999999999,1.0,1809.4099999999999,256774.77
2018-10-18,811.1599999999999,1.0,811.1599999999999,257585.93
2018-10-19,-973.17,1.0,-973.17,256612.75999999998
2018-10-22,-809.72,1.0,-809.72,255803.03999999998
2018-10-23,4462.95,1.0,4462.95,260265.99
2018-10-24,-1262.4499999999998,1.0,-1262.4499999999998,259003.53999999998
2018-10-25,393.51,1.0,393.51,259397.05
2018-10-26,-697.5399999999997,1.0,-697.5399999999997,258699.50999999998
2018-10-29,1745.71,1.0,1745.71,260445.21999999997
2018-10-30,1396.3600000000001,1.0,1396.3600000000001,261841.57999999996
2018-10-31,1587.7200000000003,1.0,1587.7200000000003,263429.29999999993
2018-11-01,-149.58000000000007,1.0,-149.58000000000007,263279.7199999999
2018-11-02,486.65999999999997,1.0,486.65999999999997,263766.3799999999
2018-11-05,36.599999999999966,1.0,36.599999999999966,263802.97999999986
2018-11-06,-600.92,1.0,-600.92,263202.0599999999
2018-11-07,-190.08999999999986,1.0,-190.08999999999986,263011.96999999986
2018-11-08,1181.05,1.0,1181.05,264193.01999999984
2018-11-09,647.54,1.0,647.54,264840.5599999998
2018-11-12,2720.85,1.0,2720.85,267561.4099999998
2018-11-13,1671.77,1.0,1671.77,269233.1799999998
2018-11-14,4171.77,1.0,4171.77,273404.94999999984
2018-11-15,-444.64,1.0,-444.64,272960.3099999998
2018-11-16,-103.2,1.0,-103.2,272857.1099999998
2018-11-19,223.79,1.0,223.79,273080.8999999998
2018-11-20,64.08999999999995,1.0,64.08999999999995,273144.9899999998
2018-11-21,251.49,1.0,251.49,273396.4799999998
2018-11-22,95.23,1.0,95.23,273491.7099999998
2018-11-23,-1626.4700000000003,1.0,-1626.4700000000003,271865.2399999998
2018-11-26,-1263.78,1.0,-1263.78,270601.4599999998
2018-11-27,3167.83,1.0,3167.83,273769.2899999998
2018-11-28,138.42000000000024,1.0,138.42000000000024,273907.7099999998
2018-11-29,848.36,1.0,848.36,274756.0699999998
2018-11-30,-554.56,1.0,-554.56,274201.5099999998
2018-12-03,6396.98,1.0,6396.98,280598.48999999976
2018-12-04,1014.3600000000002,1.0,1014.3600000000002,281612.84999999974
2018-12-05,1076.5499999999997,1.0,1076.5499999999997,282689.39999999973
2018-12-06,8538.86,1.0,8538.86,291228.2599999997
2018-12-07,1635.03,1.0,1635.03,292863.28999999975
2018-12-10,-149.46000000000012,1.0,-149.46000000000012,292713.8299999997
2018-12-11,-720.3699999999999,1.0,-720.3699999999999,291993.45999999973
2018-12-12,361.64000000000004,1.0,361.64000000000004,292355.09999999974
2018-12-13,-496.39,1.0,-496.39,291858.70999999973
2018-12-14,2190.38,1.0,2190.38,294049.08999999973
2018-12-17,-599.64,1.0,-599.64,293449.4499999997
2018-12-18,-2142.94,1.0,-2142.94,291306.5099999997
2018-12-19,2317.24,1.0,2317.24,293623.7499999997
2018-12-20,-461.32999999999987,1.0,-461.32999999999987,293162.4199999997
2018-12-21,520.34,1.0,520.34,293682.7599999997
2018-12-24,2219.21,1.0,2219.21,295901.96999999974
2018-12-26,1149.27,1.0,1149.27,297051.23999999976
2018-12-27,-15.500000000000057,1.0,-15.500000000000057,297035.73999999976
2018-12-28,1139.0099999999998,1.0,1139.0099999999998,298174.74999999977
2018-12-31,-239.84000000000003,1.0,-239.84000000000003,297934.90999999974
2019-01-02,1002.26,1.0,1002.26,298937.16999999975
2019-01-03,-85.66000000000003,1.0,-85.66000000000003,298851.5099999998
2019-01-04,965.4999999999998,1.0,965.4999999999998,299817.0099999998
2019-01-07,719.0,1.0,719.0,300536.0099999998
2019-01-08,547.06,1.0,547.06,301083.0699999998
2019-01-09,0.0,1.0,0.0,301083.0699999998
2019-01-10,1947.92,1.0,1947.92,303030.98999999976
2019-01-11,0.0,1.0,0.0,303030.98999999976
2019-01-14,584.19,1.0,584.19,303615.17999999976
2019-01-15,-337.11,1.0,-337.11,303278.0699999998
2019-01-16,-167.0,1.0,-167.0,303111.0699999998
2019-01-17,2159.0800000000004,1.0,2159.0800000000004,305270.1499999998
2019-01-18,-232.81000000000017,1.0,-232.81000000000017,305037.3399999998
2019-01-21,519.98,1.0,519.98,305557.3199999998
2019-01-22,-386.77,1.0,-386.77,305170.54999999976
2019-01-23,436.80000000000007,1.0,436.80000000000007,305607.34999999974
2019-01-24,-2603.0899999999997,1.0,-2603.0899999999997,303004.2599999997
2019-01-25,1705.34,1.0,1705.34,304709.59999999974
2019-01-28,93.30000000000004,1.0,93.30000000000004,304802.89999999973
2019-01-29,935.0699999999999,1.0,935.0699999999999,305737.96999999974
2019-01-30,2529.809999999999,1.0,2529.809999999999,308267.77999999974
2019-01-31,-544.54,1.0,-544.54,307723.23999999976
2019-02-01,3978.2900000000004,1.0,3978.2900000000004,311701.52999999974
2019-02-04,1259.19,1.0,1259.19,312960.71999999974
2019-02-05,420.6,1.0,420.6,313381.3199999997
2019-02-06,-2017.54,1.0,-2017.54,311363.77999999974
2019-02-07,2264.52,1.0,2264.52,313628.29999999976
2019-02-08,1006.1899999999999,1.0,1006.1899999999999,314634.48999999976
2019-02-11,193.91000000000003,1.0,193.91000000000003,314828.39999999973
2019-02-12,571.04,1.0,571.04,315399.4399999997
2019-02-13,-479.75,1.0,-479.75,314919.6899999997
2019-02-14,-6507.75,1.0,-6507.75,308411.9399999997
2019-02-15,-1017.2800000000002,1.0,-1017.2800000000002,307394.6599999997
2019-02-18,1521.52,1.0,1521.52,308916.1799999997
2019-02-19,2067.85,1.0,2067.85,310984.0299999997
2019-02-20,1310.5499999999997,1.0,1310.5499999999997,312294.57999999967
2019-02-21,-63.22000000000001,1.0,-63.22000000000001,312231.3599999997
2019-02-22,186.32999999999998,1.0,186.32999999999998,312417.6899999997
2019-02-25,732.8900000000001,1.0,732.8900000000001,313150.5799999997
2019-02-26,-151.37,1.0,-151.37,312999.20999999973
2019-02-27,89.70999999999992,1.0,89.70999999999992,313088.91999999975
2019-02-28,-456.18,1.0,-456.18,312632.73999999976
2019-03-01,4737.379999999999,1.0,4737.379999999999,317370.11999999976
2019-03-04,3996.25,1.0,3996.25,321366.36999999976
2019-03-05,-812.02,1.0,-812.02,320554.34999999974
2019-03-06,-172.87999999999997,1.0,-172.87999999999997,320381.46999999974
2019-03-07,624.72,1.0,624.72,321006.1899999997
2019-03-08,2268.7000000000003,1.0,2268.7000000000003,323274.8899999997
2019-03-11,1040.41,1.0,1040.41,324315.2999999997
2019-03-12,347.31,1.0,347.31,324662.6099999997
2019-03-13,3643.94,1.0,3643.94,328306.5499999997
2019-03-14,-560.6,1.0,-560.6,327745.9499999997
2019-03-15,2173.65,1.0,2173.65,329919.59999999974
2019-03-18,-895.22,1.0,-895.22,329024.3799999998
2019-03-19,-2254.61,1.0,-2254.61,326769.7699999998
2019-03-20,-3407.0499999999997,1.0,-3407.0499999999997,323362.7199999998
2019-03-21,-290.43000000000006,1.0,-290.43000000000006,323072.2899999998
2019-03-22,932.5400000000001,1.0,932.5400000000001,324004.8299999998
2019-03-25,3509.95,1.0,3509.95,327514.7799999998
2019-03-26,434.21000000000004,1.0,434.21000000000004,327948.9899999998
2019-03-27,1076.8600000000001,1.0,1076.8600000000001,329025.8499999998
2019-03-28,825.4699999999999,1.0,825.4699999999999,329851.3199999998
2019-03-29,454.89,1.0,454.89,330306.2099999998
2019-04-01,2617.1,1.0,2617.1,332923.30999999976
2019-04-02,2665.1800000000003,1.0,2665.1800000000003,335588.48999999976
2019-04-03,314.19,1.0,314.19,335902.67999999976
2019-04-04,-1216.5700000000002,1.0,-1216.5700000000002,334686.10999999975
2019-04-05,-2416.35,1.0,-2416.35,332269.7599999998
2019-04-08,-304.52999999999986,1.0,-304.52999999999986,331965.22999999975
2019-04-09,56.61,1.0,56.61,332021.83999999973
2019-04-10,172.26999999999998,1.0,172.26999999999998,332194.10999999975
2019-04-11,398.79999999999995,1.0,398.79999999999995,332592.90999999974
2019-04-12,-70.91,1.0,-70.91,332521.99999999977
2019-04-15,2657.08,1.0,2657.08,335179.0799999998
2019-04-16,3967.46,1.0,3967.46,339146.5399999998
2019-04-17,3.910000000000011,1.0,3.910000000000011,339150.4499999998
2019-04-18,1249.4199999999998,1.0,1249.4199999999998,340399.86999999976
2019-04-19,0.0,1.0,0.0,340399.86999999976
2019-04-22,393.5899999999999,1.0,393.5899999999999,340793.4599999998
2019-04-23,2636.89,1.0,2636.89,343430.3499999998
2019-04-24,2571.2700000000004,1.0,2571.2700000000004,346001.6199999998
2019-04-25,306.9100000000001,1.0,306.9100000000001,346308.5299999998
2019-04-26,-158.93000000000006,1.0,-158.93000000000006,346149.5999999998
2019-04-29,29.230000000000004,1.0,29.230000000000004,346178.8299999998
2019-04-30,-4899.55,1.0,-4899.55,341279.2799999998
2019-05-01,-3461.84,1.0,-3461.84,337817.43999999977
2019-05-02,-2299.51,1.0,-2299.51,335517.92999999976
2019-05-03,-1581.0199999999998,1.0,-1581.0199999999998,333936.90999999974
2019-05-06,-4888.3,1.0,-4888.3,329048.60999999975
2019-05-07,1047.6,1.0,1047.6,330096.20999999973
2019-05-08,-162.7,1.0,-162.7,329933.5099999997
2019-05-09,-1160.24,1.0,-1160.24,328773.2699999997
2019-05-10,618.53,1.0,618.53,329391.79999999976
2019-05-13,6236.14,1.0,6236.14,335627.93999999977
2019-05-14,1769.06,1.0,1769.06,337396.99999999977
2019-05-15,511.90999999999997,1.0,511.90999999999997,337908.90999999974
2019-05-16,1967.5999999999995,1.0,1967.5999999999995,339876.5099999997
2019-05-17,766.9300000000001,1.0,766.9300000000001,340643.4399999997
2019-05-20,1223.22,1.0,1223.22,341866.6599999997
2019-05-21,630.76,1.0,630.76,342497.4199999997
2019-05-22,500.71999999999997,1.0,500.71999999999997,342998.13999999966
2019-05-23,943.13,1.0,943.13,343941.26999999967
2019-05-24,25.54,1.0,25.54,343966.80999999965
2019-05-27,-602.33,1.0,-602.33,343364.47999999963
2019-05-28,-3731.5600000000004,1.0,-3731.5600000000004,339632.91999999963
2019-05-29,3323.1300000000006,1.0,3323.1300000000006,342956.04999999964
2019-05-30,-1488.9899999999998,1.0,-1488.9899999999998,341467.05999999965
2019-05-31,4714.52,1.0,4714.52,346181.57999999967
2019-06-03,11398.369999999999,1.0,11398.369999999999,357579.94999999966
2019-06-04,195.21000000000015,1.0,195.21000000000015,357775.1599999997
2019-06-05,14702.720000000001,1.0,14702.720000000001,372477.87999999966
2019-06-06,-237.5000000000001,1.0,-237.5000000000001,372240.37999999966
2019-06-07,783.9099999999999,1.0,783.9099999999999,373024.28999999963
2019-06-10,841.6499999999999,1.0,841.6499999999999,373865.93999999965
2019-06-11,266.83000000000004,1.0,266.83000000000004,374132.76999999967
2019-06-12,2431.45,1.0,2431.45,376564.2199999997
2019-06-13,-2083.44,1.0,-2083.44,374480.7799999997
2019-06-14,6658.579999999999,1.0,6658.579999999999,381139.3599999997
2019-06-17,215.27000000000004,1.0,215.27000000000004,381354.6299999997
2019-06-18,1379.03,1.0,1379.03,382733.65999999974
2019-06-19,2209.0699999999997,1.0,2209.0699999999997,384942.72999999975
2019-06-20,14535.51,1.0,14535.51,399478.23999999976
2019-06-21,879.0600000000001,1.0,879.0600000000001,400357.29999999976
2019-06-24,1803.77,1.0,1803.77,402161.0699999998
2019-06-25,1111.83,1.0,1111.83,403272.8999999998
2019-06-26,1208.85,1.0,1208.85,404481.74999999977
2019-06-27,0.0,1.0,0.0,404481.74999999977
2019-06-28,81.18,1.0,81.18,404562.92999999976
2019-07-01,3283.28,1.0,3283.28,407846.2099999998
2019-07-02,-61.72999999999999,1.0,-61.72999999999999,407784.4799999998
2019-07-03,2990.4100000000003,1.0,2990.4100000000003,410774.8899999998
2019-07-04,856.98,1.0,856.98,411631.86999999976
2019-07-05,375.73,1.0,375.73,412007.59999999974
2019-07-08,3635.3599999999997,1.0,3635.3599999999997,415642.95999999973
2019-07-09,-4049.7599999999998,1.0,-4049.7599999999998,411593.1999999997
2019-07-10,2111.72,1.0,2111.72,413704.9199999997
2019-07-11,-759.06,1.0,-759.06,412945.8599999997
2019-07-12,268.69999999999993,1.0,268.69999999999993,413214.5599999997
2019-07-15,206.73,1.0,206.73,413421.2899999997
2019-07-16,2833.36,1.0,2833.36,416254.6499999997
2019-07-17,-4010.57,1.0,-4010.57,412244.07999999967
2019-07-18,1671.7999999999997,1.0,1671.7999999999997,413915.87999999966
2019-07-19,2992.8,1.0,2992.8,416908.67999999964
2019-07-22,-756.51,1.0,-756.51,416152.16999999963
2019-07-23,71.00999999999993,1.0,71.00999999999993,416223.17999999964
2019-07-24,-792.74,1.0,-792.74,415430.43999999965
2019-07-25,1251.67,1.0,1251.67,416682.10999999964
2019-07-26,-2279.04,1.0,-2279.04,414403.06999999966
2019-07-29,203.96000000000004,1.0,203.96000000000004,414607.0299999997
2019-07-30,-691.75,1.0,-691.75,413915.2799999997
2019-07-31,-4804.58,1.0,-4804.58,409110.69999999966
2019-08-01,10059.34,1.0,10059.34,419170.0399999997
2019-08-02,954.47,1.0,954.47,420124.50999999966
2019-08-05,5415.94,1.0,5415.94,425540.44999999966
2019-08-06,2983.27,1.0,2983.27,428523.7199999997
2019-08-07,2182.47,1.0,2182.47,430706.18999999965
2019-08-08,114.05,1.0,114.05,430820.23999999964
2019-08-09,38.28,1.0,38.28,430858.51999999967
2019-08-12,2764.37,1.0,2764.37,433622.88999999966
2019-08-13,4464.550000000001,1.0,4464.550000000001,438087.43999999965
2019-08-14,673.99,1.0,673.99,438761.42999999964
2019-08-15,-907.97,1.0,-907.97,437853.4599999997
2019-08-16,321.69,1.0,321.69,438175.1499999997
2019-08-19,755.8,1.0,755.8,438930.94999999966
2019-08-20,207.16,1.0,207.16,439138.10999999964
2019-08-21,1683.3799999999999,1.0,1683.3799999999999,440821.48999999964
2019-08-22,-1998.6000000000001,1.0,-1998.6000000000001,438822.88999999966
2019-08-23,13.940000000000254,1.0,13.940000000000254,438836.82999999967
2019-08-26,16760.75,1.0,16760.75,455597.57999999967
2019-08-27,-456.12,1.0,-456.12,455141.4599999997
2019-08-28,-1356.3600000000001,1.0,-1356.3600000000001,453785.0999999997
2019-08-29,599.16,1.0,599.16,454384.25999999966
2019-08-30,-195.03999999999994,1.0,-195.03999999999994,454189.2199999997
2019-09-02,2551.49,1.0,2551.49,456740.7099999997
2019-09-03,3233.6,1.0,3233.6,459974.30999999965
2019-09-04,-2020.51,1.0,-2020.51,457953.79999999964
2019-09-05,-5679.159999999999,1.0,-5679.159999999999,452274.63999999966
2019-09-06,1551.6,1.0,1551.6,453826.23999999964
2019-09-09,1426.04,1.0,1426.04,455252.2799999996
2019-09-10,1422.1100000000001,1.0,1422.1100000000001,456674.3899999996
2019-09-11,-467.20000000000005,1.0,-467.20000000000005,456207.1899999996
2019-09-12,150.97999999999993,1.0,150.97999999999993,456358.1699999996
2019-09-13,49.69999999999999,1.0,49.69999999999999,456407.8699999996
2019-09-16,-808.01,1.0,-808.01,455599.8599999996
2019-09-17,240.72000000000003,1.0,240.72000000000003,455840.57999999955
2019-09-18,-7972.169999999999,1.0,-7972.169999999999,447868.40999999957
2019-09-19,-3637.5099999999998,1.0,-3637.5099999999998,444230.89999999956
2019-09-20,625.0800000000003,1.0,625.0800000000003,444855.9799999996
2019-09-23,-1784.5300000000002,1.0,-1784.5300000000002,443071.44999999955
2019-09-24,73.2999999999995,1.0,73.2999999999995,443144.74999999953
2019-09-25,114.96999999999997,1.0,114.96999999999997,443259.7199999995
2019-09-26,1745.3600000000001,1.0,1745.3600000000001,445005.0799999995
2019-09-27,826.69,1.0,826.69,445831.7699999995
2019-09-30,1270.1000000000001,1.0,1270.1000000000001,447101.8699999995
2019-10-01,6789.500000000001,1.0,6789.500000000001,453891.3699999995
2019-10-02,8433.380000000001,1.0,8433.380000000001,462324.7499999995
2019-10-03,-2787.5200000000004,1.0,-2787.5200000000004,459537.22999999946
2019-10-04,-2837.88,1.0,-2837.88,456699.34999999945
2019-10-07,672.25,1.0,672.25,457371.59999999945
2019-10-08,884.85,1.0,884.85,458256.44999999943
2019-10-09,1357.67,1.0,1357.67,459614.1199999994
2019-10-10,-3856.74,1.0,-3856.74,455757.3799999994
2019-10-11,5133.800000000001,1.0,5133.800000000001,460891.1799999994
2019-10-14,576.8399999999999,1.0,576.8399999999999,461468.01999999944
2019-10-15,2644.77,1.0,2644.77,464112.78999999946
2019-10-16,-270.0200000000001,1.0,-270.0200000000001,463842.76999999944
2019-10-17,294.65999999999997,1.0,294.65999999999997,464137.4299999994
2019-10-18,2707.37,1.0,2707.37,466844.7999999994
2019-10-21,424.98,1.0,424.98,467269.7799999994
2019-10-22,-551.31,1.0,-551.31,466718.4699999994
2019-10-23,1782.09,1.0,1782.09,468500.5599999994
2019-10-24,1736.59,1.0,1736.59,470237.14999999944
2019-10-25,-423.40999999999985,1.0,-423.40999999999985,469813.73999999947
2019-10-28,-125.41000000000001,1.0,-125.41000000000001,469688.3299999995
2019-10-29,904.37,1.0,904.37,470592.6999999995
2019-10-30,-1283.95,1.0,-1283.95,469308.7499999995
2019-10-31,-1609.3299999999997,1.0,-1609.3299999999997,467699.41999999946
2019-11-01,-315.71999999999997,1.0,-315.71999999999997,467383.6999999995
2019-11-04,721.0400000000002,1.0,721.0400000000002,468104.73999999947
2019-11-05,1339.42,1.0,1339.42,469444.15999999945
2019-11-06,-1405.57,1.0,-1405.57,468038.58999999944
2019-11-07,10554.17,1.0,10554.17,478592.7599999994
2019-11-08,2107.9399999999996,1.0,2107.9399999999996,480700.69999999943
2019-11-11,1866.4500000000003,1.0,1866.4500000000003,482567.14999999944
2019-11-12,1492.5699999999997,1.0,1492.5699999999997,484059.71999999945
2019-11-13,1605.2799999999997,1.0,1605.2799999999997,485664.9999999995
2019-11-14,-971.03,1.0,-971.03,484693.96999999945
2019-11-15,2833.18,1.0,2833.18,487527.14999999944
2019-11-18,-2.660000000000082,1.0,-2.660000000000082,487524.48999999947
2019-11-19,-1705.0100000000002,1.0,-1705.0100000000002,485819.47999999946
2019-11-20,130.46999999999997,1.0,130.46999999999997,485949.94999999943
2019-11-21,2147.98,1.0,2147.98,488097.9299999994
2019-11-22,-338.6,1.0,-338.6,487759.32999999943
2019-11-25,-559.25,1.0,-559.25,487200.07999999943
2019-11-26,-568.6700000000001,1.0,-568.6700000000001,486631.40999999945
2019-11-27,2036.8400000000001,1.0,2036.8400000000001,488668.2499999995
2019-11-28,-16.50999999999999,1.0,-16.50999999999999,488651.73999999947
2019-11-29,-23.58,1.0,-23.58,488628.15999999945
2019-12-02,-707.0899999999999,1.0,-707.0899999999999,487921.0699999994
2019-12-03,5692.039999999999,1.0,5692.039999999999,493613.1099999994
2019-12-04,1449.33,1.0,1449.33,495062.4399999994
2019-12-05,-1002.87,1.0,-1002.87,494059.5699999994
2019-12-06,1357.2699999999998,1.0,1357.2699999999998,495416.83999999944
2019-12-09,191.24,1.0,191.24,495608.07999999943
2019-12-10,403.53,1.0,403.53,496011.60999999946
2019-12-11,-1902.1999999999998,1.0,-1902.1999999999998,494109.40999999945
2019-12-12,-2225.4700000000003,1.0,-2225.4700000000003,491883.9399999995
2019-12-13,5036.750000000001,1.0,5036.750000000001,496920.6899999995
2019-12-16,3114.2900000000004,1.0,3114.2900000000004,500034.97999999946
2019-12-17,-453.56000000000006,1.0,-453.56000000000006,499581.41999999946
2019-12-18,570.5799999999999,1.0,570.5799999999999,500151.9999999995
2019-12-19,2393.42,1.0,2393.42,502545.41999999946
2019-12-20,153.85,1.0,153.85,502699.26999999944
2019-12-23,1337.9,1.0,1337.9,504037.16999999946
2019-12-24,3639.83,1.0,3639.83,507676.9999999995
2019-12-26,3898.08,1.0,3898.08,511575.0799999995
2019-12-27,116.49000000000001,1.0,116.49000000000001,511691.5699999995
2019-12-30,1435.46,1.0,1435.46,513127.0299999995
2019-12-31,2712.5099999999998,1.0,2712.5099999999998,515839.5399999995
2020-01-02,11919.43,1.0,11919.43,527758.9699999995
2020-01-03,2396.16,1.0,2396.16,530155.1299999995
2020-01-06,17827.83,1.0,17827.83,547982.9599999995
2020-01-07,956.2399999999999,1.0,956.2399999999999,548939.1999999995
2020-01-08,6067.52,1.0,6067.52,555006.7199999995
2020-01-09,930.83,1.0,930.83,555937.5499999995
2020-01-10,815.77,1.0,815.77,556753.3199999995
2020-01-13,386.79,1.0,386.79,557140.1099999995
2020-01-14,2211.29,1.0,2211.29,559351.3999999996
2020-01-15,-3457.97,1.0,-3457.97,555893.4299999996
2020-01-16,-1262.97,1.0,-1262.97,554630.4599999996
2020-01-17,1424.94,1.0,1424.94,556055.3999999996
2020-01-20,866.83,1.0,866.83,556922.2299999995
2020-01-21,95.48000000000005,1.0,95.48000000000005,557017.7099999995
2020-01-22,-683.8,1.0,-683.8,556333.9099999995
2020-01-23,-435.55999999999995,1.0,-435.55999999999995,555898.3499999994
2020-01-24,3066.36,1.0,3066.36,558964.7099999994
2020-01-27,7067.379999999999,1.0,7067.379999999999,566032.0899999994
2020-01-28,871.3599999999999,1.0,871.3599999999999,566903.4499999994
2020-01-29,1186.6599999999999,1.0,1186.6599999999999,568090.1099999994
2020-01-30,3139.2799999999997,1.0,3139.2799999999997,571229.3899999994
2020-01-31,-1832.5200000000004,1.0,-1832.5200000000004,569396.8699999994
2020-02-03,-3500.0299999999997,1.0,-3500.0299999999997,565896.8399999994
2020-02-04,4590.49,1.0,4590.49,570487.3299999994
2020-02-05,4742.24,1.0,4742.24,575229.5699999994
2020-02-06,991.6999999999999,1.0,991.6999999999999,576221.2699999993
2020-02-07,-1074.3899999999999,1.0,-1074.3899999999999,575146.8799999993
2020-02-10,343.61999999999983,1.0,343.61999999999983,575490.4999999993
2020-02-11,8603.61,1.0,8603.61,584094.1099999993
2020-02-12,-150.81,1.0,-150.81,583943.2999999992
2020-02-13,-4672.15,1.0,-4672.15,579271.1499999992
2020-02-14,1149.6599999999999,1.0,1149.6599999999999,580420.8099999992
2020-02-17,255.48000000000002,1.0,255.48000000000002,580676.2899999992
2020-02-18,7212.03,1.0,7212.03,587888.3199999993
2020-02-19,-1462.2399999999998,1.0,-1462.2399999999998,586426.0799999993
2020-02-20,774.5099999999996,1.0,774.5099999999996,587200.5899999993
2020-02-21,6973.330000000001,1.0,6973.330000000001,594173.9199999992
2020-02-24,19348.030000000002,1.0,19348.030000000002,613521.9499999993
2020-02-25,-952.78,1.0,-952.78,612569.1699999992
2020-02-26,113.89999999999999,1.0,113.89999999999999,612683.0699999993
2020-02-27,-767.16,1.0,-767.16,611915.9099999992
2020-02-28,-1351.8,1.0,-1351.8,610564.1099999992
2020-03-02,-776.2499999999999,1.0,-776.2499999999999,609787.8599999992
2020-03-03,-506.30999999999995,1.0,-506.30999999999995,609281.5499999991
2020-03-04,0.0,1.0,0.0,609281.5499999991
2020-03-05,-385.1500000000001,1.0,-385.1500000000001,608896.3999999991
2020-03-06,-2807.8100000000004,1.0,-2807.8100000000004,606088.589999999
2020-03-09,-247.76,1.0,-247.76,605840.829999999
2020-03-10,77.69,1.0,77.69,605918.519999999
2020-03-11,-1683.8700000000001,1.0,-1683.8700000000001,604234.649999999
2020-03-12,-1775.7299999999998,1.0,-1775.7299999999998,602458.919999999
2020-03-13,5600.42,1.0,5600.42,608059.339999999
2020-03-16,-1424.01,1.0,-1424.01,606635.329999999
2020-03-17,0.0,1.0,0.0,606635.329999999
2020-03-18,2226.72,1.0,2226.72,608862.049999999
2020-03-19,-273.58000000000004,1.0,-273.58000000000004,608588.469999999
2020-03-20,1834.4899999999998,1.0,1834.4899999999998,610422.959999999
2020-03-23,12724.989999999998,1.0,12724.989999999998,623147.949999999
2020-03-24,-665.82,1.0,-665.82,622482.1299999991
2020-03-25,-215.26999999999992,1.0,-215.26999999999992,622266.859999999
2020-03-26,-2269.22,1.0,-2269.22,619997.6399999991
2020-03-27,-166.3,1.0,-166.3,619831.339999999
2020-03-30,742.53,1.0,742.53,620573.8699999991
2020-03-31,2183.64,1.0,2183.64,622757.5099999991
2020-04-01,394.5,1.0,394.5,623152.0099999991
2020-04-02,-1176.02,1.0,-1176.02,621975.9899999991
2020-04-03,-562.24,1.0,-562.24,621413.7499999991
2020-04-06,4320.34,1.0,4320.34,625734.089999999
2020-04-07,273.71999999999997,1.0,273.71999999999997,626007.809999999
2020-04-08,13.6,1.0,13.6,626021.409999999
2020-04-09,1409.4,1.0,1409.4,627430.809999999
2020-04-10,775.6300000000001,1.0,775.6300000000001,628206.439999999
2020-04-13,5892.0,1.0,5892.0,634098.439999999
2020-04-14,2115.05,1.0,2115.05,636213.4899999991
2020-04-15,0.0,1.0,0.0,636213.4899999991
2020-04-16,2635.86,1.0,2635.86,638849.349999999
2020-04-17,1222.3600000000001,1.0,1222.3600000000001,640071.709999999
2020-04-20,1033.65,1.0,1033.65,641105.359999999
2020-04-21,220.2100000000001,1.0,220.2100000000001,641325.569999999
2020-04-22,721.24,1.0,721.24,642046.809999999
2020-04-23,1378.38,1.0,1378.38,643425.189999999
2020-04-24,58.8,1.0,58.8,643483.9899999991
2020-04-27,198.01999999999998,1.0,198.01999999999998,643682.0099999991
2020-04-28,1710.1499999999996,1.0,1710.1499999999996,645392.1599999991
2020-04-29,2285.21,1.0,2285.21,647677.3699999991
2020-04-30,3234.9199999999996,1.0,3234.9199999999996,650912.2899999991
2020-05-01,-134.89999999999998,1.0,-134.89999999999998,650777.3899999991
2020-05-04,1229.22,1.0,1229.22,652006.609999999
2020-05-05,584.1099999999999,1.0,584.1099999999999,652590.719999999
2020-05-06,-606.8800000000001,1.0,-606.8800000000001,651983.839999999
2020-05-07,2840.77,1.0,2840.77,654824.609999999
2020-05-08,-1409.6,1.0,-1409.6,653415.0099999991
2020-05-11,874.9900000000001,1.0,874.9900000000001,654289.9999999991
2020-05-12,46.81,1.0,46.81,654336.8099999991
2020-05-13,701.5,1.0,701.5,655038.3099999991
2020-05-14,2606.02,1.0,2606.02,657644.3299999991
2020-05-15,2154.85,1.0,2154.85,659799.1799999991
2020-05-18,194.95000000000005,1.0,194.95000000000005,659994.1299999991
2020-05-19,-219.02999999999997,1.0,-219.02999999999997,659775.099999999
2020-05-20,1113.67,1.0,1113.67,660888.7699999991
2020-05-21,-125.19,1.0,-125.19,660763.5799999991
2020-05-22,474.36,1.0,474.36,661237.9399999991
2020-05-25,964.43,1.0,964.43,662202.3699999992
2020-05-26,1052.3500000000001,1.0,1052.3500000000001,663254.7199999992
2020-05-27,5199.43,1.0,5199.43,668454.1499999992
2020-05-28,65.39999999999999,1.0,65.39999999999999,668519.5499999992
2020-05-29,505.28999999999996,1.0,505.28999999999996,669024.8399999993
2020-06-01,439.49000000000007,1.0,439.49000000000007,669464.3299999993
2020-06-02,846.8399999999999,1.0,846.8399999999999,670311.1699999992
2020-06-03,376.14999999999986,1.0,376.14999999999986,670687.3199999993
2020-06-04,-1966.91,1.0,-1966.91,668720.4099999992
2020-06-05,2232.53,1.0,2232.53,670952.9399999992
2020-06-08,94.07,1.0,94.07,671047.0099999992
2020-06-09,-1923.9,1.0,-1923.9,669123.1099999992
2020-06-10,1236.2,1.0,1236.2,670359.3099999991
2020-06-11,1451.8600000000001,1.0,1451.8600000000001,671811.1699999991
2020-06-12,-983.7900000000001,1.0,-983.7900000000001,670827.3799999991
2020-06-15,2317.76,1.0,2317.76,673145.1399999991
2020-06-16,332.93999999999994,1.0,332.93999999999994,673478.079999999
2020-06-17,492.45000000000005,1.0,492.45000000000005,673970.529999999
2020-06-18,251.33999999999997,1.0,251.33999999999997,674221.869999999
2020-06-19,-790.9,1.0,-790.9,673430.9699999989
2020-06-22,2623.83,1.0,2623.83,676054.7999999989
2020-06-23,-3036.1000000000004,1.0,-3036.1000000000004,673018.6999999989
2020-06-24,1360.7299999999998,1.0,1360.7299999999998,674379.4299999989
2020-06-25,2343.0499999999997,1.0,2343.0499999999997,676722.4799999989
2020-06-26,1653.35,1.0,1653.35,678375.8299999989
2020-06-29,271.8399999999999,1.0,271.8399999999999,678647.6699999989
2020-06-30,3530.37,1.0,3530.37,682178.0399999989
2020-07-01,1146.88,1.0,1146.88,683324.9199999989
2020-07-02,843.2000000000003,1.0,843.2000000000003,684168.1199999988
2020-07-03,0.0,1.0,0.0,684168.1199999988
2020-07-06,2228.39,1.0,2228.39,686396.5099999988
2020-07-07,581.0500000000002,1.0,581.0500000000002,686977.5599999989
2020-07-08,8033.219999999999,1.0,8033.219999999999,695010.7799999989
2020-07-09,4453.400000000001,1.0,4453.400000000001,699464.1799999989
2020-07-10,230.00999999999996,1.0,230.00999999999996,699694.1899999989
2020-07-13,-1343.63,1.0,-1343.63,698350.5599999989
2020-07-14,1188.79,1.0,1188.79,699539.3499999989
2020-07-15,595.65,1.0,595.65,700134.999999999
2020-07-16,-3133.0400000000004,1.0,-3133.0400000000004,697001.9599999989
2020-07-17,-1001.77,1.0,-1001.77,696000.1899999989
2020-07-20,100.09000000000006,1.0,100.09000000000006,696100.2799999989
2020-07-21,5632.61,1.0,5632.61,701732.8899999988
2020-07-22,11687.93,1.0,11687.93,713420.8199999989
2020-07-23,7489.240000000001,1.0,7489.240000000001,720910.0599999989
2020-07-24,-863.3000000000001,1.0,-863.3000000000001,720046.7599999988
2020-07-27,1953.3,1.0,1953.3,722000.0599999989
2020-07-28,1549.49,1.0,1549.49,723549.5499999989
2020-07-29,-684.54,1.0,-684.54,722865.0099999988
2020-07-30,4097.409999999999,1.0,4097.409999999999,726962.4199999989
2020-07-31,-5868.299999999999,1.0,-5868.299999999999,721094.1199999988
2020-08-03,1022.3499999999999,1.0,1022.3499999999999,722116.4699999988
2020-08-04,883.01,1.0,883.01,722999.4799999988
2020-08-05,2861.83,1.0,2861.83,725861.3099999988
2020-08-06,597.84,1.0,597.84,726459.1499999987
2020-08-07,450.90999999999997,1.0,450.90999999999997,726910.0599999988
2020-08-10,928.25,1.0,928.25,727838.3099999988
2020-08-11,-458.5500000000002,1.0,-458.5500000000002,727379.7599999987
2020-08-12,-67.50999999999996,1.0,-67.50999999999996,727312.2499999987
2020-08-13,-48.08,1.0,-48.08,727264.1699999988
2020-08-14,70.39,1.0,70.39,727334.5599999988
2020-08-17,3565.8599999999997,1.0,3565.8599999999997,730900.4199999988
2020-08-18,2069.43,1.0,2069.43,732969.8499999988
2020-08-19,571.6800000000001,1.0,571.6800000000001,733541.5299999989
2020-08-20,201.34,1.0,201.34,733742.8699999988
2020-08-21,1220.18,1.0,1220.18,734963.0499999989
2020-08-24,3611.2,1.0,3611.2,738574.2499999988
2020-08-25,645.71,1.0,645.71,739219.9599999988
2020-08-26,-232.47999999999996,1.0,-232.47999999999996,738987.4799999988
2020-08-27,1346.22,1.0,1346.22,740333.6999999988
2020-08-28,-355.93,1.0,-355.93,739977.7699999987
2020-08-31,-1487.9199999999998,1.0,-1487.9199999999998,738489.8499999987
2020-09-01,3868.32,1.0,3868.32,742358.1699999986
2020-09-02,563.7,1.0,563.7,742921.8699999986
2020-09-03,5453.09,1.0,5453.09,748374.9599999986
2020-09-04,1700.97,1.0,1700.97,750075.9299999985
2020-09-07,0.0,1.0,0.0,750075.9299999985
2020-09-08,857.3700000000001,1.0,857.3700000000001,750933.2999999985
2020-09-09,-1047.19,1.0,-1047.19,749886.1099999986
2020-09-10,69.55999999999997,1.0,69.55999999999997,749955.6699999986
2020-09-11,152.87,1.0,152.87,750108.5399999986
2020-09-14,649.7499999999999,1.0,649.7499999999999,750758.2899999986
2020-09-15,-1010.9200000000001,1.0,-1010.9200000000001,749747.3699999986
2020-09-16,-3801.8999999999996,1.0,-3801.8999999999996,745945.4699999986
2020-09-17,-1557.91,1.0,-1557.91,744387.5599999985
2020-09-18,-2083.94,1.0,-2083.94,742303.6199999986
2020-09-21,7071.9800000000005,1.0,7071.9800000000005,749375.5999999986
2020-09-22,724.3100000000001,1.0,724.3100000000001,750099.9099999986
2020-09-23,3297.59,1.0,3297.59,753397.4999999986
2020-09-24,1559.24,1.0,1559.24,754956.7399999986
2020-09-25,227.64999999999998,1.0,227.64999999999998,755184.3899999986
2020-09-28,-1389.3300000000002,1.0,-1389.3300000000002,753795.0599999987
2020-09-29,641.64,1.0,641.64,754436.6999999987
2020-09-30,1236.9099999999999,1.0,1236.9099999999999,755673.6099999987
2020-10-01,2935.9299999999994,1.0,2935.9299999999994,758609.5399999988
2020-10-02,1539.9099999999999,1.0,1539.9099999999999,760149.4499999988
2020-10-05,16.689999999999998,1.0,16.689999999999998,760166.1399999987
2020-10-06,3582.83,1.0,3582.83,763748.9699999987
2020-10-07,-999.02,1.0,-999.02,762749.9499999987
2020-10-08,1530.76,1.0,1530.76,764280.7099999987
2020-10-09,993.0000000000001,1.0,993.0000000000001,765273.7099999987
2020-10-12,1822.83,1.0,1822.83,767096.5399999986
2020-10-13,1197.31,1.0,1197.31,768293.8499999987
2020-10-14,-245.59999999999994,1.0,-245.59999999999994,768048.2499999987
2020-10-15,210.23000000000002,1.0,210.23000000000002,768258.4799999987
2020-10-16,-1448.88,1.0,-1448.88,766809.5999999987
2020-10-19,4722.849999999999,1.0,4722.849999999999,771532.4499999987
2020-10-20,406.05999999999995,1.0,406.05999999999995,771938.5099999987
2020-10-21,-2378.1000000000004,1.0,-2378.1000000000004,769560.4099999988
2020-10-22,-699.29,1.0,-699.29,768861.1199999987
2020-10-23,-8434.05,1.0,-8434.05,760427.0699999987
2020-10-26,-1164.15,1.0,-1164.15,759262.9199999986
2020-10-27,1687.01,1.0,1687.01,760949.9299999987
2020-10-28,6202.83,1.0,6202.83,767152.7599999986
2020-10-29,2067.64,1.0,2067.64,769220.3999999986
2020-10-30,922.5099999999999,1.0,922.5099999999999,770142.9099999986
2020-11-02,-429.74,1.0,-429.74,769713.1699999986
2020-11-03,537.4000000000001,1.0,537.4000000000001,770250.5699999987
2020-11-04,1099.29,1.0,1099.29,771349.8599999987
2020-11-05,3261.2699999999995,1.0,3261.2699999999995,774611.1299999987
2020-11-06,2119.83,1.0,2119.83,776730.9599999987
2020-11-09,-1870.88,1.0,-1870.88,774860.0799999987
2020-11-10,425.99,1.0,425.99,775286.0699999987
2020-11-11,-1217.73,1.0,-1217.73,774068.3399999987
2020-11-12,893.27,1.0,893.27,774961.6099999987
2020-11-13,404.77,1.0,404.77,775366.3799999987
2020-11-16,-571.7600000000001,1.0,-571.7600000000001,774794.6199999987
2020-11-17,947.72,1.0,947.72,775742.3399999987
2020-11-18,-1678.6899999999998,1.0,-1678.6899999999998,774063.6499999987
2020-11-19,47.11999999999999,1.0,47.11999999999999,774110.7699999987
2020-11-20,1191.6100000000001,1.0,1191.6100000000001,775302.3799999987
2020-11-23,4968.92,1.0,4968.92,780271.2999999988
2020-11-24,5583.34,1.0,5583.34,785854.6399999987
2020-11-25,7184.5599999999995,1.0,7184.5599999999995,793039.1999999988
2020-11-26,7752.87,1.0,7752.87,800792.0699999988
2020-11-27,8795.41,1.0,8795.41,809587.4799999988
2020-11-30,2265.5,1.0,2265.5,811852.9799999988
2020-12-01,-2873.5200000000004,1.0,-2873.5200000000004,808979.4599999988
2020-12-02,302.15,1.0,302.15,809281.6099999988
2020-12-03,-188.68000000000006,1.0,-188.68000000000006,809092.9299999988
2020-12-04,742.6800000000002,1.0,742.6800000000002,809835.6099999988
2020-12-07,226.92999999999992,1.0,226.92999999999992,810062.5399999989
2020-12-08,-280.0,1.0,-280.0,809782.5399999989
2020-12-09,-635.0899999999999,1.0,-635.0899999999999,809147.4499999989
2020-12-10,2143.9799999999996,1.0,2143.9799999999996,811291.4299999989
2020-12-11,-939.79,1.0,-939.79,810351.6399999988
2020-12-14,-2715.3999999999996,1.0,-2715.3999999999996,807636.2399999988
2020-12-15,-523.52,1.0,-523.52,807112.7199999988
2020-12-16,-1411.7199999999993,1.0,-1411.7199999999993,805700.9999999988
2020-12-17,1933.9899999999998,1.0,1933.9899999999998,807634.9899999988
2020-12-18,1512.5,1.0,1512.5,809147.4899999988
2020-12-21,-30.48999999999998,1.0,-30.48999999999998,809116.9999999988
2020-12-22,38.61,1.0,38.61,809155.6099999988
2020-12-23,674.01,1.0,674.01,809829.6199999988
2020-12-24,-609.23,1.0,-609.23,809220.3899999988
2020-12-28,316.72999999999996,1.0,316.72999999999996,809537.1199999988
2020-12-29,799.3400000000001,1.0,799.3400000000001,810336.4599999988
2020-12-30,1924.54,1.0,1924.54,812260.9999999988
2020-12-31,-2249.76,1.0,-2249.76,810011.2399999988
2021-01-04,19479.51,1.0,19479.51,829490.7499999988
2021-01-05,2393.27,1.0,2393.27,831884.0199999989
2021-01-06,1817.2099999999998,1.0,1817.2099999999998,833701.2299999988
2021-01-07,2347.2,1.0,2347.2,836048.4299999988
2021-01-08,4675.61,1.0,4675.61,840724.0399999988
2021-01-11,-2545.9300000000003,1.0,-2545.9300000000003,838178.1099999987
2021-01-12,-1850.4099999999999,1.0,-1850.4099999999999,836327.6999999987
2021-01-13,1567.0500000000002,1.0,1567.0500000000002,837894.7499999987
2021-01-14,-494.87,1.0,-494.87,837399.8799999987
2021-01-15,809.85,1.0,809.85,838209.7299999987
2021-01-18,2196.35,1.0,2196.35,840406.0799999987
2021-01-19,-969.53,1.0,-969.53,839436.5499999986
2021-01-20,3592.7700000000004,1.0,3592.7700000000004,843029.3199999987
2021-01-21,-1319.03,1.0,-1319.03,841710.2899999986
2021-01-22,-634.28,1.0,-634.28,841076.0099999986
2021-01-25,3056.32,1.0,3056.32,844132.3299999986
2021-01-26,-177.5300000000001,1.0,-177.5300000000001,843954.7999999985
2021-01-27,-4920.57,1.0,-4920.57,839034.2299999986
2021-01-28,-910.62,1.0,-910.62,838123.6099999986
2021-01-29,-4702.469999999999,1.0,-4702.469999999999,833421.1399999986
2021-02-01,158.58,1.0,158.58,833579.7199999986
2021-02-02,3756.15,1.0,3756.15,837335.8699999986
2021-02-03,-1061.71,1.0,-1061.71,836274.1599999986
2021-02-04,7140.58,1.0,7140.58,843414.7399999986
2021-02-05,1838.51,1.0,1838.51,845253.2499999986
2021-02-06,0.0,1.0,0.0,845253.2499999986
2021-02-08,2879.55,1.0,2879.55,848132.7999999986
2021-02-09,-33.68999999999998,1.0,-33.68999999999998,848099.1099999987
2021-02-10,1834.0400000000002,1.0,1834.0400000000002,849933.1499999987
2021-02-11,-1042.95,1.0,-1042.95,848890.1999999988
2021-02-12,-1662.72,1.0,-1662.72,847227.4799999988
2021-02-14,0.0,1.0,0.0,847227.4799999988
2021-02-15,872.3900000000001,1.0,872.3900000000001,848099.8699999988
2021-02-16,2617.48,1.0,2617.48,850717.3499999988
2021-02-17,-448.24,1.0,-448.24,850269.1099999988
2021-02-18,276.84000000000003,1.0,276.84000000000003,850545.9499999988
2021-02-19,-3803.88,1.0,-3803.88,846742.0699999988
2021-02-22,9197.31,1.0,9197.31,855939.3799999988
2021-02-23,-1600.88,1.0,-1600.88,854338.4999999988
2021-02-24,662.27,1.0,662.27,855000.7699999989
2021-02-25,1548.42,1.0,1548.42,856549.1899999989
2021-02-26,4577.5599999999995,1.0,4577.5599999999995,861126.749999999
2021-02-28,0.0,1.0,0.0,861126.749999999
2021-03-01,140.97,1.0,140.97,861267.7199999989
2021-03-02,765.5200000000001,1.0,765.5200000000001,862033.239999999
2021-03-03,3811.0299999999997,1.0,3811.0299999999997,865844.269999999
2021-03-04,1357.92,1.0,1357.92,867202.189999999
2021-03-05,133.53000000000043,1.0,133.53000000000043,867335.719999999
2021-03-08,-857.91,1.0,-857.91,866477.809999999
2021-03-09,317.0099999999999,1.0,317.0099999999999,866794.819999999
2021-03-10,56.46000000000001,1.0,56.46000000000001,866851.279999999
2021-03-11,494.97,1.0,494.97,867346.249999999
2021-03-12,0.0,1.0,0.0,867346.249999999
2021-03-13,0.0,1.0,0.0,867346.249999999
2021-03-15,66.11000000000001,1.0,66.11000000000001,867412.3599999989
2021-03-16,-1152.08,1.0,-1152.08,866260.279999999
2021-03-17,-973.1500000000001,1.0,-973.1500000000001,865287.129999999
2021-03-18,1936.56,1.0,1936.56,867223.689999999
2021-03-19,1171.31,1.0,1171.31,868394.9999999991
2021-03-21,0.0,1.0,0.0,868394.9999999991
2021-03-22,-868.3699999999999,1.0,-868.3699999999999,867526.6299999991
2021-03-23,-1519.3600000000001,1.0,-1519.3600000000001,866007.2699999991
2021-03-24,755.72,1.0,755.72,866762.9899999991
2021-03-25,524.3900000000001,1.0,524.3900000000001,867287.3799999991
2021-03-26,278.83,1.0,278.83,867566.209999999
2021-03-29,1247.3499999999997,1.0,1247.3499999999997,868813.559999999
2021-03-30,3384.4700000000003,1.0,3384.4700000000003,872198.029999999
2021-03-31,6669.95,1.0,6669.95,878867.9799999989
2021-04-01,-32.97999999999996,1.0,-32.97999999999996,878834.999999999
2021-04-02,164.86999999999995,1.0,164.86999999999995,878999.869999999
2021-04-04,0.0,1.0,0.0,878999.869999999
2021-04-05,518.3000000000001,1.0,518.3000000000001,879518.169999999
2021-04-06,689.46,1.0,689.46,880207.629999999
2021-04-07,-929.6500000000001,1.0,-929.6500000000001,879277.9799999989
2021-04-08,672.03,1.0,672.03,879950.009999999
2021-04-09,-349.1900000000001,1.0,-349.1900000000001,879600.819999999
2021-04-10,0.0,1.0,0.0,879600.819999999
2021-04-12,-3156.04,1.0,-3156.04,876444.779999999
2021-04-13,778.62,1.0,778.62,877223.399999999
2021-04-14,-422.97,1.0,-422.97,876800.429999999
2021-04-15,2223.56,1.0,2223.56,879023.9899999991
2021-04-16,3607.33,1.0,3607.33,882631.319999999
2021-04-18,0.0,1.0,0.0,882631.319999999
2021-04-19,4208.01,1.0,4208.01,886839.329999999
2021-04-20,-286.15000000000003,1.0,-286.15000000000003,886553.179999999
2021-04-21,1938.83,1.0,1938.83,888492.009999999
2021-04-22,-1978.2699999999998,1.0,-1978.2699999999998,886513.739999999
2021-04-23,-217.99999999999997,1.0,-217.99999999999997,886295.739999999
2021-04-26,-566.97,1.0,-566.97,885728.769999999
2021-04-27,-491.5,1.0,-491.5,885237.269999999
2021-04-28,-2482.13,1.0,-2482.13,882755.139999999
2021-04-29,-720.4499999999999,1.0,-720.4499999999999,882034.689999999
2021-04-30,115.70999999999998,1.0,115.70999999999998,882150.399999999
2021-05-03,1345.7199999999998,1.0,1345.7199999999998,883496.119999999
2021-05-04,-1117.31,1.0,-1117.31,882378.8099999989
2021-05-05,-21.280000000000022,1.0,-21.280000000000022,882357.5299999989
2021-05-06,2010.6399999999999,1.0,2010.6399999999999,884368.1699999989
2021-05-07,5420.950000000001,1.0,5420.950000000001,889789.1199999988
2021-05-08,0.0,1.0,0.0,889789.1199999988
2021-05-10,503.87000000000023,1.0,503.87000000000023,890292.9899999988
2021-05-11,3542.390000000001,1.0,3542.390000000001,893835.3799999988
2021-05-12,177.28000000000014,1.0,177.28000000000014,894012.6599999989
2021-05-13,1522.4,1.0,1522.4,895535.0599999989
2021-05-14,383.53999999999996,1.0,383.53999999999996,895918.5999999989
2021-05-16,0.0,1.0,0.0,895918.5999999989
2021-05-17,2133.33,1.0,2133.33,898051.9299999989
2021-05-18,1249.5100000000002,1.0,1249.5100000000002,899301.4399999989
2021-05-19,-1559.9800000000002,1.0,-1559.9800000000002,897741.4599999989
2021-05-20,449.87,1.0,449.87,898191.3299999989
2021-05-21,-1793.67,1.0,-1793.67,896397.6599999989
2021-05-24,2023.94,1.0,2023.94,898421.5999999988
2021-05-25,1604.5000000000002,1.0,1604.5000000000002,900026.0999999988
2021-05-26,6065.620000000001,1.0,6065.620000000001,906091.7199999988
2021-05-27,-404.6,1.0,-404.6,905687.1199999988
2021-05-28,2611.39,1.0,2611.39,908298.5099999988
2021-05-29,0.0,1.0,0.0,908298.5099999988
2021-05-31,91.77,1.0,91.77,908390.2799999989
2021-06-01,-4690.800000000001,1.0,-4690.800000000001,903699.4799999988
2021-06-02,1475.64,1.0,1475.64,905175.1199999988
2021-06-03,1416.0499999999997,1.0,1416.0499999999997,906591.1699999989
2021-06-04,6806.03,1.0,6806.03,913397.1999999989
2021-06-05,0.0,1.0,0.0,913397.1999999989
2021-06-07,-263.35,1.0,-263.35,913133.8499999989
2021-06-08,3240.48,1.0,3240.48,916374.3299999989
2021-06-09,-619.8999999999997,1.0,-619.8999999999997,915754.4299999989
2021-06-10,2348.74,1.0,2348.74,918103.1699999989
2021-06-11,-63.72,1.0,-63.72,918039.4499999989
2021-06-12,0.0,1.0,0.0,918039.4499999989
2021-06-13,0.0,1.0,0.0,918039.4499999989
2021-06-14,2397.5000000000005,1.0,2397.5000000000005,920436.9499999989
2021-06-15,100.00999999999999,1.0,100.00999999999999,920536.9599999989
2021-06-16,-1898.5199999999995,1.0,-1898.5199999999995,918638.4399999989
2021-06-17,3557.62,1.0,3557.62,922196.0599999989
2021-06-18,72.72999999999979,1.0,72.72999999999979,922268.7899999989
2021-06-21,1738.5300000000002,1.0,1738.5300000000002,924007.3199999989
2021-06-22,-653.1600000000001,1.0,-653.1600000000001,923354.1599999989
2021-06-23,571.21,1.0,571.21,923925.3699999988
2021-06-24,-595.69,1.0,-595.69,923329.6799999989
2021-06-25,-2447.44,1.0,-2447.44,920882.239999999
2021-06-28,2473.69,1.0,2473.69,923355.9299999989
2021-06-29,5484.67,1.0,5484.67,928840.5999999989
2021-06-30,311.2,1.0,311.2,929151.7999999989
2021-07-01,-867.3500000000001,1.0,-867.3500000000001,928284.4499999989
2021-07-02,223.26999999999998,1.0,223.26999999999998,928507.7199999989
2021-07-05,1406.7,1.0,1406.7,929914.4199999989
2021-07-06,4008.5600000000004,1.0,4008.5600000000004,933922.9799999989
2021-07-07,-331.68,1.0,-331.68,933591.2999999989
2021-07-08,167.96999999999986,1.0,167.96999999999986,933759.2699999989
2021-07-09,267.8,1.0,267.8,934027.0699999989
2021-07-10,0.0,1.0,0.0,934027.0699999989
2021-07-12,-280.9100000000001,1.0,-280.9100000000001,933746.1599999989
2021-07-13,-1232.0500000000002,1.0,-1232.0500000000002,932514.1099999988
2021-07-14,7380.09,1.0,7380.09,939894.1999999988
2021-07-15,-1252.6299999999999,1.0,-1252.6299999999999,938641.5699999988
2021-07-16,737.5,1.0,737.5,939379.0699999988
2021-07-19,6512.91,1.0,6512.91,945891.9799999988
2021-07-20,-1034.2,1.0,-1034.2,944857.7799999989
2021-07-21,-2425.76,1.0,-2425.76,942432.0199999989
2021-07-22,427.62,1.0,427.62,942859.6399999988
2021-07-23,-6561.820000000001,1.0,-6561.820000000001,936297.8199999989
2021-07-24,0.0,1.0,0.0,936297.8199999989
2021-07-26,-1547.5599999999995,1.0,-1547.5599999999995,934750.2599999988
2021-07-27,683.9100000000001,1.0,683.9100000000001,935434.1699999989
2021-07-28,905.54,1.0,905.54,936339.7099999989
2021-07-29,1188.22,1.0,1188.22,937527.9299999989
2021-07-30,1828.44,1.0,1828.44,939356.3699999988
2021-08-02,-939.48,1.0,-939.48,938416.8899999988
2021-08-03,307.32000000000005,1.0,307.32000000000005,938724.2099999988
2021-08-04,-1000.9499999999999,1.0,-1000.9499999999999,937723.2599999988
2021-08-05,4407.85,1.0,4407.85,942131.1099999988
2021-08-06,5493.709999999999,1.0,5493.709999999999,947624.8199999988
2021-08-09,15408.509999999998,1.0,15408.509999999998,963033.3299999988
2021-08-10,-994.0899999999999,1.0,-994.0899999999999,962039.2399999988
2021-08-11,-4066.3399999999997,1.0,-4066.3399999999997,957972.8999999989
2021-08-12,-340.55999999999995,1.0,-340.55999999999995,957632.3399999988
2021-08-13,69.78,1.0,69.78,957702.1199999988
2021-08-14,0.0,1.0,0.0,957702.1199999988
2021-08-16,1028.25,1.0,1028.25,958730.3699999988
2021-08-17,-109.98999999999995,1.0,-109.98999999999995,958620.3799999988
2021-08-18,434.5,1.0,434.5,959054.8799999988
2021-08-19,4450.799999999999,1.0,4450.799999999999,963505.6799999989
2021-08-20,1284.19,1.0,1284.19,964789.8699999988
2021-08-23,6429.98,1.0,6429.98,971219.8499999988
2021-08-24,797.4100000000001,1.0,797.4100000000001,972017.2599999988
2021-08-25,375.04999999999995,1.0,375.04999999999995,972392.3099999989
2021-08-26,332.8299999999999,1.0,332.8299999999999,972725.1399999988
2021-08-27,3527.59,1.0,3527.59,976252.7299999988
2021-08-29,0.0,1.0,0.0,976252.7299999988
2021-08-30,124.56999999999994,1.0,124.56999999999994,976377.2999999988
2021-08-31,1188.41,1.0,1188.41,977565.7099999988
2021-09-01,1681.6699999999998,1.0,1681.6699999999998,979247.3799999988
2021-09-02,33.22000000000003,1.0,33.22000000000003,979280.5999999988
2021-09-03,-1562.02,1.0,-1562.02,977718.5799999988
2021-09-05,0.0,1.0,0.0,977718.5799999988
2021-09-06,152.1700000000003,1.0,152.1700000000003,977870.7499999988
2021-09-07,3534.02,1.0,3534.02,981404.7699999989
2021-09-08,1510.3799999999999,1.0,1510.3799999999999,982915.1499999989
2021-09-09,885.78,1.0,885.78,983800.9299999989
2021-09-10,-412.12999999999994,1.0,-412.12999999999994,983388.7999999989
2021-09-13,-1358.6400000000003,1.0,-1358.6400000000003,982030.1599999989
2021-09-14,-9736.43,1.0,-9736.43,972293.7299999988
2021-09-15,-2754.67,1.0,-2754.67,969539.0599999988
2021-09-16,4941.5599999999995,1.0,4941.5599999999995,974480.6199999988
2021-09-17,-1476.62,1.0,-1476.62,973003.9999999988
2021-09-19,0.0,1.0,0.0,973003.9999999988
2021-09-20,6487.590000000001,1.0,6487.590000000001,979491.5899999988
2021-09-21,41.23000000000003,1.0,41.23000000000003,979532.8199999988
2021-09-22,390.59999999999997,1.0,390.59999999999997,979923.4199999988
2021-09-23,1724.4099999999999,1.0,1724.4099999999999,981647.8299999988
2021-09-24,-2962.82,1.0,-2962.82,978685.0099999988
2021-09-27,338.80000000000007,1.0,338.80000000000007,979023.8099999989
2021-09-28,286.94999999999993,1.0,286.94999999999993,979310.7599999988
2021-09-29,-1971.46,1.0,-1971.46,977339.2999999989
2021-09-30,5199.73,1.0,5199.73,982539.0299999989
2021-10-01,1217.1299999999999,1.0,1217.1299999999999,983756.1599999989
2021-10-04,75.70999999999992,1.0,75.70999999999992,983831.8699999988
2021-10-05,148.79,1.0,148.79,983980.6599999989
2021-10-06,-214.36000000000007,1.0,-214.36000000000007,983766.2999999989
2021-10-07,3410.5600000000004,1.0,3410.5600000000004,987176.8599999989
2021-10-08,1383.58,1.0,1383.58,988560.4399999989
2021-10-10,0.0,1.0,0.0,988560.4399999989
2021-10-11,539.49,1.0,539.49,989099.9299999989
2021-10-12,-62.589999999999975,1.0,-62.589999999999975,989037.3399999989
2021-10-13,1258.21,1.0,1258.21,990295.5499999989
2021-10-14,2718.87,1.0,2718.87,993014.4199999989
2021-10-15,3595.73,1.0,3595.73,996610.1499999989
2021-10-18,-544.42,1.0,-544.42,996065.7299999988
2021-10-19,-1894.85,1.0,-1894.85,994170.8799999988
2021-10-20,70.84000000000005,1.0,70.84000000000005,994241.7199999988
2021-10-21,-316.06,1.0,-316.06,993925.6599999988
2021-10-22,5355.21,1.0,5355.21,999280.8699999987
2021-10-25,-114.94999999999999,1.0,-114.94999999999999,999165.9199999988
2021-10-26,-485.89,1.0,-485.89,998680.0299999987
2021-10-27,1259.3400000000001,1.0,1259.3400000000001,999939.3699999987
2021-10-28,-1907.2800000000002,1.0,-1907.2800000000002,998032.0899999987
2021-10-29,-2761.0600000000004,1.0,-2761.0600000000004,995271.0299999986
2021-11-01,-575.21,1.0,-575.21,994695.8199999987
2021-11-02,2209.2299999999996,1.0,2209.2299999999996,996905.0499999986
2021-11-03,3210.95,1.0,3210.95,1000115.9999999986
2021-11-04,60.540000000000006,1.0,60.540000000000006,1000176.5399999986
2021-11-05,720.3599999999999,1.0,720.3599999999999,1000896.8999999986
2021-11-06,0.0,1.0,0.0,1000896.8999999986
2021-11-07,0.0,1.0,0.0,1000896.8999999986
2021-11-08,2246.23,1.0,2246.23,1003143.1299999986
2021-11-09,643.21,1.0,643.21,1003786.3399999986
2021-11-10,17517.79,1.0,17517.79,1021304.1299999986
2021-11-11,0.0,1.0,0.0,1021304.1299999986
2021-11-12,273.62,1.0,273.62,1021577.7499999986
2021-11-15,1229.76,1.0,1229.76,1022807.5099999986
2021-11-16,1620.8899999999999,1.0,1620.8899999999999,1024428.3999999986
2021-11-17,-1402.18,1.0,-1402.18,1023026.2199999986
2021-11-18,1142.6399999999999,1.0,1142.6399999999999,1024168.8599999986
2021-11-19,488.07000000000005,1.0,488.07000000000005,1024656.9299999985
2021-11-22,116.80999999999972,1.0,116.80999999999972,1024773.7399999986
2021-11-23,568.3400000000001,1.0,568.3400000000001,1025342.0799999986
2021-11-24,-867.19,1.0,-867.19,1024474.8899999986
2021-11-25,317.49,1.0,317.49,1024792.3799999986
2021-11-26,3802.7,1.0,3802.7,1028595.0799999986
2021-11-28,0.0,1.0,0.0,1028595.0799999986
2021-11-29,602.8299999999999,1.0,602.8299999999999,1029197.9099999985
2021-11-30,2959.03,1.0,2959.03,1032156.9399999985
2021-12-01,699.76,1.0,699.76,1032856.6999999986
2021-12-02,-3203.7599999999998,1.0,-3203.7599999999998,1029652.9399999985
2021-12-03,1391.49,1.0,1391.49,1031044.4299999985
2021-12-06,738.78,1.0,738.78,1031783.2099999986
2021-12-07,-5.259999999999977,1.0,-5.259999999999977,1031777.9499999986
2021-12-08,736.59,1.0,736.59,1032514.5399999985
2021-12-09,-345.84000000000003,1.0,-345.84000000000003,1032168.6999999986
2021-12-10,-783.72,1.0,-783.72,1031384.9799999986
2021-12-11,0.0,1.0,0.0,1031384.9799999986
2021-12-12,0.0,1.0,0.0,1031384.9799999986
2021-12-13,-2954.05,1.0,-2954.05,1028430.9299999985
2021-12-14,2272.24,1.0,2272.24,1030703.1699999985
2021-12-15,-67.13000000000011,1.0,-67.13000000000011,1030636.0399999985
2021-12-16,4102.4400000000005,1.0,4102.4400000000005,1034738.4799999985
2021-12-17,10498.2,1.0,10498.2,1045236.6799999984
2021-12-20,-77.13,1.0,-77.13,1045159.5499999984
2021-12-21,2100.58,1.0,2100.58,1047260.1299999984
2021-12-22,-1285.7299999999998,1.0,-1285.7299999999998,1045974.3999999984
2021-12-23,4057.83,1.0,4057.83,1050032.2299999984
2021-12-24,-439.14,1.0,-439.14,1049593.0899999985
2021-12-26,0.0,1.0,0.0,1049593.0899999985
2021-12-27,362.78999999999974,1.0,362.78999999999974,1049955.8799999985
2021-12-28,3961.98,1.0,3961.98,1053917.8599999985
2021-12-29,232.7199999999999,1.0,232.7199999999999,1054150.5799999984
2021-12-30,-437.18,1.0,-437.18,1053713.3999999985
2021-12-31,3498.33,1.0,3498.33,1057211.7299999986
2022-01-03,-1767.48,1.0,-1767.48,1055444.2499999986
2022-01-04,-1311.7199999999998,1.0,-1311.7199999999998,1054132.5299999986
2022-01-05,3158.9300000000003,1.0,3158.9300000000003,1057291.4599999986
2022-01-06,2154.63,1.0,2154.63,1059446.0899999985
2022-01-07,1321.13,1.0,1321.13,1060767.2199999983
2022-01-10,1406.0400000000002,1.0,1406.0400000000002,1062173.2599999984
2022-01-11,1201.59,1.0,1201.59,1063374.8499999985
2022-01-12,-494.81999999999994,1.0,-494.81999999999994,1062880.0299999984
2022-01-13,3179.5,1.0,3179.5,1066059.5299999984
2022-01-14,-66.18000000000015,1.0,-66.18000000000015,1065993.3499999985
2022-01-17,-4165.929999999999,1.0,-4165.929999999999,1061827.4199999985
2022-01-18,-1168.73,1.0,-1168.73,1060658.6899999985
2022-01-19,6460.570000000001,1.0,6460.570000000001,1067119.2599999986
2022-01-20,2317.1300000000006,1.0,2317.1300000000006,1069436.3899999985
2022-01-21,2240.16,1.0,2240.16,1071676.5499999984
2022-01-24,64.36000000000007,1.0,64.36000000000007,1071740.9099999985
2022-01-25,1863.7800000000002,1.0,1863.7800000000002,1073604.6899999985
2022-01-26,-781.51,1.0,-781.51,1072823.1799999985
2022-01-27,1853.32,1.0,1853.32,1074676.4999999986
2022-01-28,-911.4399999999997,1.0,-911.4399999999997,1073765.0599999987
2022-01-31,-211.02999999999997,1.0,-211.02999999999997,1073554.0299999986
2022-02-01,171.47000000000014,1.0,171.47000000000014,1073725.4999999986
2022-02-02,354.38000000000005,1.0,354.38000000000005,1074079.8799999985
2022-02-03,1658.2100000000003,1.0,1658.2100000000003,1075738.0899999985
2022-02-04,1814.7999999999997,1.0,1814.7999999999997,1077552.8899999985
2022-02-07,791.3699999999999,1.0,791.3699999999999,1078344.2599999986
2022-02-08,937.81,1.0,937.81,1079282.0699999987
2022-02-09,183.89,1.0,183.89,1079465.9599999986
2022-02-10,2247.52,1.0,2247.52,1081713.4799999986
2022-02-11,5769.210000000001,1.0,5769.210000000001,1087482.6899999985
2022-02-14,-1825.67,1.0,-1825.67,1085657.0199999986
2022-02-15,-1456.7600000000002,1.0,-1456.7600000000002,1084200.2599999986
2022-02-16,954.19,1.0,954.19,1085154.4499999986
2022-02-17,5574.0,1.0,5574.0,1090728.4499999986
2022-02-18,-1326.04,1.0,-1326.04,1089402.4099999985
2022-02-21,1242.1,1.0,1242.1,1090644.5099999986
2022-02-22,-107.26,1.0,-107.26,1090537.2499999986
2022-02-23,719.6999999999999,1.0,719.6999999999999,1091256.9499999986
2022-02-24,15383.1,1.0,15383.1,1106640.0499999986
2022-02-25,-453.13,1.0,-453.13,1106186.9199999988
2022-02-26,0.0,1.0,0.0,1106186.9199999988
2022-02-28,1875.04,1.0,1875.04,1108061.9599999988
2022-03-01,-337.3800000000001,1.0,-337.3800000000001,1107724.579999999
2022-03-02,1763.97,1.0,1763.97,1109488.5499999989
2022-03-03,1083.23,1.0,1083.23,1110571.7799999989
2022-03-04,-5178.540000000001,1.0,-5178.540000000001,1105393.2399999988
2022-03-07,10676.5,1.0,10676.5,1116069.7399999988
2022-03-08,485.21000000000004,1.0,485.21000000000004,1116554.9499999988
2022-03-09,3161.0199999999995,1.0,3161.0199999999995,1119715.9699999988
2022-03-10,1258.1399999999999,1.0,1258.1399999999999,1120974.1099999987
2022-03-11,1074.5099999999998,1.0,1074.5099999999998,1122048.6199999987
2022-03-14,3363.0,1.0,3363.0,1125411.6199999987
2022-03-15,-2297.15,1.0,-2297.15,1123114.4699999988
2022-03-16,546.79,1.0,546.79,1123661.2599999988
2022-03-17,1225.02,1.0,1225.02,1124886.2799999989
2022-03-18,-155.71999999999997,1.0,-155.71999999999997,1124730.559999999
2022-03-21,-698.0100000000001,1.0,-698.0100000000001,1124032.5499999989
2022-03-22,3284.6399999999994,1.0,3284.6399999999994,1127317.1899999988
2022-03-23,-20.980000000000018,1.0,-20.980000000000018,1127296.2099999988
2022-03-24,1044.03,1.0,1044.03,1128340.2399999988
2022-03-25,-940.9100000000001,1.0,-940.9100000000001,1127399.329999999
2022-03-27,0.0,1.0,0.0,1127399.329999999
2022-03-28,-1711.7000000000003,1.0,-1711.7000000000003,1125687.629999999
2022-03-29,227.97000000000006,1.0,227.97000000000006,1125915.599999999
2022-03-30,36.529999999999994,1.0,36.529999999999994,1125952.129999999
2022-03-31,-1435.4700000000003,1.0,-1435.4700000000003,1124516.659999999
2022-04-01,155.12999999999994,1.0,155.12999999999994,1124671.7899999989
2022-04-04,1222.72,1.0,1222.72,1125894.5099999988
2022-04-05,153.53999999999996,1.0,153.53999999999996,1126048.0499999989
2022-04-06,1381.0299999999997,1.0,1381.0299999999997,1127429.079999999
2022-04-07,27.659999999999997,1.0,27.659999999999997,1127456.7399999988
2022-04-08,-944.4799999999999,1.0,-944.4799999999999,1126512.2599999988
2022-04-11,5657.27,1.0,5657.27,1132169.5299999989
2022-04-12,-1711.23,1.0,-1711.23,1130458.2999999989
2022-04-13,606.09,1.0,606.09,1131064.389999999
2022-04-14,1070.5499999999997,1.0,1070.5499999999997,1132134.939999999
2022-04-15,237.46,1.0,237.46,1132372.399999999
2022-04-18,5348.63,1.0,5348.63,1137721.0299999989
2022-04-19,2672.85,1.0,2672.85,1140393.879999999
2022-04-20,-1453.3400000000001,1.0,-1453.3400000000001,1138940.5399999989
2022-04-21,-123.71000000000004,1.0,-123.71000000000004,1138816.829999999
2022-04-22,3677.9,1.0,3677.9,1142494.7299999988
2022-04-25,4710.9,1.0,4710.9,1147205.6299999987
2022-04-26,7628.09,1.0,7628.09,1154833.7199999988
2022-04-27,-2814.33,1.0,-2814.33,1152019.3899999987
2022-04-28,354.16999999999985,1.0,354.16999999999985,1152373.5599999987
2022-04-29,1389.5,1.0,1389.5,1153763.0599999987
2022-05-01,0.0,1.0,0.0,1153763.0599999987
2022-05-02,-312.83,1.0,-312.83,1153450.2299999986
2022-05-03,1.6800000000000068,1.0,1.6800000000000068,1153451.9099999985
2022-05-04,-2254.2599999999998,1.0,-2254.2599999999998,1151197.6499999985
2022-05-05,3354.9699999999993,1.0,3354.9699999999993,1154552.6199999985
2022-05-06,-1606.75,1.0,-1606.75,1152945.8699999985
2022-05-08,0.0,1.0,0.0,1152945.8699999985
2022-05-09,-407.53,1.0,-407.53,1152538.3399999985
2022-05-10,330.6499999999999,1.0,330.6499999999999,1152868.9899999984
2022-05-11,362.98,1.0,362.98,1153231.9699999983
2022-05-12,1943.79,1.0,1943.79,1155175.7599999984
2022-05-13,1167.28,1.0,1167.28,1156343.0399999984
2022-05-16,-2077.64,1.0,-2077.64,1154265.3999999985
2022-05-17,642.16,1.0,642.16,1154907.5599999984
2022-05-18,-210.2,1.0,-210.2,1154697.3599999985
2022-05-19,776.6300000000001,1.0,776.6300000000001,1155473.9899999984
2022-05-20,893.1899999999998,1.0,893.1899999999998,1156367.1799999983
2022-05-23,1057.16,1.0,1057.16,1157424.3399999982
2022-05-24,-1726.73,1.0,-1726.73,1155697.6099999982
2022-05-25,-100.61,1.0,-100.61,1155596.9999999981
2022-05-26,3770.0499999999997,1.0,3770.0499999999997,1159367.0499999982
2022-05-27,1435.81,1.0,1435.81,1160802.8599999982
2022-05-30,1458.58,1.0,1458.58,1162261.4399999983
2022-05-31,-1305.75,1.0,-1305.75,1160955.6899999983
2022-06-01,3132.5800000000004,1.0,3132.5800000000004,1164088.2699999984
2022-06-02,-1140.06,1.0,-1140.06,1162948.2099999983
2022-06-03,-266.9100000000003,1.0,-266.9100000000003,1162681.2999999984
2022-06-06,1275.6100000000001,1.0,1275.6100000000001,1163956.9099999985
2022-06-07,2268.18,1.0,2268.18,1166225.0899999985
2022-06-08,-148.85999999999999,1.0,-148.85999999999999,1166076.2299999984
2022-06-09,1808.3,1.0,1808.3,1167884.5299999984
2022-06-10,5557.3,1.0,5557.3,1173441.8299999984
2022-06-13,3705.210000000001,1.0,3705.210000000001,1177147.0399999984
2022-06-14,276.77,1.0,276.77,1177423.8099999984
2022-06-15,166.86999999999966,1.0,166.86999999999966,1177590.6799999985
2022-06-16,281.39,1.0,281.39,1177872.0699999984
2022-06-17,-958.6,1.0,-958.6,1176913.4699999983
2022-06-18,0.0,1.0,0.0,1176913.4699999983
2022-06-20,243.51,1.0,243.51,1177156.9799999984
2022-06-21,-119.39,1.0,-119.39,1177037.5899999985
2022-06-22,14.070000000000135,1.0,14.070000000000135,1177051.6599999985
2022-06-23,-4129.59,1.0,-4129.59,1172922.0699999984
2022-06-24,291.69000000000005,1.0,291.69000000000005,1173213.7599999984
2022-06-25,0.0,1.0,0.0,1173213.7599999984
2022-06-26,0.0,1.0,0.0,1173213.7599999984
2022-06-27,4001.359999999999,1.0,4001.359999999999,1177215.1199999985
2022-06-28,1444.66,1.0,1444.66,1178659.7799999984
2022-06-29,-321.8899999999999,1.0,-321.8899999999999,1178337.8899999985
2022-06-30,-6682.33,1.0,-6682.33,1171655.5599999984
2022-07-01,-3329.59,1.0,-3329.59,1168325.9699999983
2022-07-04,-524.5100000000001,1.0,-524.5100000000001,1167801.4599999983
2022-07-05,5557.1900000000005,1.0,5557.1900000000005,1173358.6499999983
2022-07-06,5055.620000000001,1.0,5055.620000000001,1178414.2699999984
2022-07-07,4065.1700000000005,1.0,4065.1700000000005,1182479.4399999983
2022-07-08,1335.6200000000001,1.0,1335.6200000000001,1183815.0599999984
2022-07-11,-1073.81,1.0,-1073.81,1182741.2499999984
2022-07-12,3949.33,1.0,3949.33,1186690.5799999984
2022-07-13,-966.96,1.0,-966.96,1185723.6199999985
2022-07-14,1272.4,1.0,1272.4,1186996.0199999984
2022-07-15,-888.91,1.0,-888.91,1186107.1099999985
2022-07-18,925.1399999999999,1.0,925.1399999999999,1187032.2499999984
2022-07-19,-444.7099999999999,1.0,-444.7099999999999,1186587.5399999984
2022-07-20,1659.78,1.0,1659.78,1188247.3199999984
2022-07-21,8326.21,1.0,8326.21,1196573.5299999984
2022-07-22,970.1499999999999,1.0,970.1499999999999,1197543.6799999983
2022-07-23,0.0,1.0,0.0,1197543.6799999983
2022-07-25,204.54000000000002,1.0,204.54000000000002,1197748.2199999983
2022-07-26,244.95,1.0,244.95,1197993.1699999983
2022-07-27,3732.4199999999996,1.0,3732.4199999999996,1201725.5899999982
2022-07-28,-719.27,1.0,-719.27,1201006.3199999982
2022-07-29,4770.14,1.0,4770.14,1205776.459999998
2022-07-30,0.0,1.0,0.0,1205776.459999998
2022-07-31,0.0,1.0,0.0,1205776.459999998
2022-08-01,2552.46,1.0,2552.46,1208328.919999998
2022-08-02,-1107.25,1.0,-1107.25,1207221.669999998
2022-08-03,1327.9599999999998,1.0,1327.9599999999998,1208549.629999998
2022-08-04,1098.94,1.0,1098.94,1209648.569999998
2022-08-05,738.3399999999997,1.0,738.3399999999997,1210386.909999998
2022-08-08,-1575.3300000000004,1.0,-1575.3300000000004,1208811.579999998
2022-08-09,1462.0500000000002,1.0,1462.0500000000002,1210273.629999998
2022-08-10,1447.3199999999997,1.0,1447.3199999999997,1211720.949999998
2022-08-11,2608.55,1.0,2608.55,1214329.4999999981
2022-08-12,236.79,1.0,236.79,1214566.2899999982
2022-08-14,0.0,1.0,0.0,1214566.2899999982
2022-08-15,-446.12000000000006,1.0,-446.12000000000006,1214120.169999998
2022-08-16,1603.0699999999997,1.0,1603.0699999999997,1215723.2399999981
2022-08-17,1231.5099999999998,1.0,1231.5099999999998,1216954.7499999981
2022-08-18,33.99,1.0,33.99,1216988.7399999981
2022-08-19,4074.3599999999997,1.0,4074.3599999999997,1221063.0999999982
2022-08-22,2384.1800000000003,1.0,2384.1800000000003,1223447.2799999982
2022-08-23,3777.92,1.0,3777.92,1227225.199999998
2022-08-24,1066.23,1.0,1066.23,1228291.429999998
2022-08-25,-447.2800000000001,1.0,-447.2800000000001,1227844.149999998
2022-08-26,8505.530000000002,1.0,8505.530000000002,1236349.679999998
2022-08-29,3705.81,1.0,3705.81,1240055.4899999981
2022-08-30,2721.41,1.0,2721.41,1242776.899999998
2022-08-31,2746.41,1.0,2746.41,1245523.309999998
2022-09-01,784.53,1.0,784.53,1246307.839999998
2022-09-02,1048.9199999999998,1.0,1048.9199999999998,1247356.759999998
2022-09-05,26.480000000000004,1.0,26.480000000000004,1247383.239999998
2022-09-06,5046.85,1.0,5046.85,1252430.089999998
2022-09-07,742.46,1.0,742.46,1253172.549999998
2022-09-08,-5197.03,1.0,-5197.03,1247975.519999998
2022-09-09,3782.63,1.0,3782.63,1251758.1499999978
2022-09-12,1591.2200000000003,1.0,1591.2200000000003,1253349.3699999978
2022-09-13,9688.6,1.0,9688.6,1263037.9699999979
2022-09-14,181.27999999999992,1.0,181.27999999999992,1263219.249999998
2022-09-15,2276.0699999999997,1.0,2276.0699999999997,1265495.319999998
2022-09-16,5614.82,1.0,5614.82,1271110.139999998
2022-09-19,1960.26,1.0,1960.26,1273070.399999998
2022-09-20,182.01,1.0,182.01,1273252.409999998
2022-09-21,-17216.34,1.0,-17216.34,1256036.069999998
2022-09-22,-1162.4900000000002,1.0,-1162.4900000000002,1254873.579999998
2022-09-23,1193.8500000000001,1.0,1193.8500000000001,1256067.429999998
2022-09-26,434.0,1.0,434.0,1256501.429999998
2022-09-27,2476.16,1.0,2476.16,1258977.589999998
2022-09-28,567.3199999999999,1.0,567.3199999999999,1259544.909999998
2022-09-29,2274.0099999999998,1.0,2274.0099999999998,1261818.919999998
2022-09-30,1721.61,1.0,1721.61,1263540.5299999982
2022-10-03,-751.72,1.0,-751.72,1262788.8099999982
2022-10-04,5286.73,1.0,5286.73,1268075.5399999982
2022-10-05,637.8199999999999,1.0,637.8199999999999,1268713.3599999982
2022-10-06,-2041.7,1.0,-2041.7,1266671.6599999983
2022-10-07,3655.7799999999997,1.0,3655.7799999999997,1270327.4399999983
2022-10-10,-1180.4899999999998,1.0,-1180.4899999999998,1269146.9499999983
2022-10-11,-745.04,1.0,-745.04,1268401.9099999983
2022-10-12,0.0,1.0,0.0,1268401.9099999983
2022-10-13,4354.879999999999,1.0,4354.879999999999,1272756.7899999982
2022-10-14,306.54,1.0,306.54,1273063.3299999982
2022-10-17,1.2200000000000273,1.0,1.2200000000000273,1273064.5499999982
2022-10-18,4374.589999999999,1.0,4374.589999999999,1277439.1399999983
2022-10-19,1100.1000000000001,1.0,1100.1000000000001,1278539.2399999984
2022-10-20,3088.71,1.0,3088.71,1281627.9499999983
2022-10-21,905.98,1.0,905.98,1282533.9299999983
2022-10-23,0.0,1.0,0.0,1282533.9299999983
2022-10-24,-506.6500000000002,1.0,-506.6500000000002,1282027.2799999984
2022-10-25,1815.71,1.0,1815.71,1283842.9899999984
2022-10-26,-243.10000000000005,1.0,-243.10000000000005,1283599.8899999983
2022-10-27,-1531.7599999999998,1.0,-1531.7599999999998,1282068.1299999983
2022-10-28,1501.0800000000002,1.0,1501.0800000000002,1283569.2099999983
2022-10-29,0.0,1.0,0.0,1283569.2099999983
2022-10-31,838.61,1.0,838.61,1284407.8199999984
2022-11-01,576.8199999999999,1.0,576.8199999999999,1284984.6399999985
2022-11-02,1865.2599999999995,1.0,1865.2599999999995,1286849.8999999985
2022-11-03,-1290.27,1.0,-1290.27,1285559.6299999985
2022-11-04,64.94999999999993,1.0,64.94999999999993,1285624.5799999984
2022-11-05,0.0,1.0,0.0,1285624.5799999984
2022-11-07,859.2299999999998,1.0,859.2299999999998,1286483.8099999984
2022-11-08,5244.34,1.0,5244.34,1291728.1499999985
2022-11-09,133.42000000000002,1.0,133.42000000000002,1291861.5699999984
2022-11-10,6561.359999999999,1.0,6561.359999999999,1298422.9299999985
2022-11-11,1320.6599999999999,1.0,1320.6599999999999,1299743.5899999985
2022-11-13,0.0,1.0,0.0,1299743.5899999985
2022-11-14,-2042.3200000000002,1.0,-2042.3200000000002,1297701.2699999984
2022-11-15,-2644.4500000000007,1.0,-2644.4500000000007,1295056.8199999984
2022-11-16,272.40000000000003,1.0,272.40000000000003,1295329.2199999983
2022-11-17,611.64,1.0,611.64,1295940.8599999982
2022-11-18,214.50999999999996,1.0,214.50999999999996,1296155.3699999982
2022-11-20,0.0,1.0,0.0,1296155.3699999982
2022-11-21,-1743.2200000000003,1.0,-1743.2200000000003,1294412.1499999983
2022-11-22,-913.9,1.0,-913.9,1293498.2499999984
2022-11-23,710.6199999999998,1.0,710.6199999999998,1294208.8699999985
2022-11-24,-151.19,1.0,-151.19,1294057.6799999985
2022-11-25,378.96000000000004,1.0,378.96000000000004,1294436.6399999985
2022-11-28,3606.38,1.0,3606.38,1298043.0199999984
2022-11-29,-559.3499999999999,1.0,-559.3499999999999,1297483.6699999983
2022-11-30,3156.6500000000005,1.0,3156.6500000000005,1300640.3199999982
2022-12-01,9582.27,1.0,9582.27,1310222.5899999982
2022-12-02,4410.0599999999995,1.0,4410.0599999999995,1314632.6499999983
2022-12-03,0.0,1.0,0.0,1314632.6499999983
2022-12-05,-1921.85,1.0,-1921.85,1312710.7999999982
2022-12-06,960.62,1.0,960.62,1313671.4199999983
2022-12-07,3403.45,1.0,3403.45,1317074.8699999982
2022-12-08,-1124.79,1.0,-1124.79,1315950.0799999982
2022-12-09,-173.99000000000015,1.0,-173.99000000000015,1315776.0899999982
2022-12-12,52.349999999999994,1.0,52.349999999999994,1315828.4399999983
2022-12-13,6164.36,1.0,6164.36,1321992.7999999984
2022-12-14,1316.8600000000001,1.0,1316.8600000000001,1323309.6599999985
2022-12-15,-1909.8999999999999,1.0,-1909.8999999999999,1321399.7599999986
2022-12-16,154.75,1.0,154.75,1321554.5099999986
2022-12-19,-846.91,1.0,-846.91,1320707.5999999987
2022-12-20,-359.20000000000005,1.0,-359.20000000000005,1320348.3999999987
2022-12-21,-1743.7800000000002,1.0,-1743.7800000000002,1318604.6199999987
2022-12-22,5701.75,1.0,5701.75,1324306.3699999987
2022-12-23,-1090.26,1.0,-1090.26,1323216.1099999987
2022-12-25,0.0,1.0,0.0,1323216.1099999987
2022-12-26,25.029999999999987,1.0,25.029999999999987,1323241.1399999987
2022-12-27,1291.25,1.0,1291.25,1324532.3899999987
2022-12-28,-1504.94,1.0,-1504.94,1323027.4499999988
2022-12-29,2683.37,1.0,2683.37,1325710.819999999
2022-12-30,1075.7899999999997,1.0,1075.7899999999997,1326786.609999999
2022-12-31,0.0,1.0,0.0,1326786.609999999
2023-01-02,1020.19,1.0,1020.19,1327806.7999999989
2023-01-03,7460.780000000001,1.0,7460.780000000001,1335267.579999999
2023-01-04,632.26,1.0,632.26,1335899.839999999
2023-01-05,-1091.1399999999999,1.0,-1091.1399999999999,1334808.699999999
2023-01-06,2663.1500000000005,1.0,2663.1500000000005,1337471.849999999
2023-01-09,3577.63,1.0,3577.63,1341049.4799999988
2023-01-10,-167.13000000000002,1.0,-167.13000000000002,1340882.349999999
2023-01-11,-2943.88,1.0,-2943.88,1337938.469999999
2023-01-12,-2719.5,1.0,-2719.5,1335218.969999999
2023-01-13,-596.3100000000001,1.0,-596.3100000000001,1334622.659999999
2023-01-16,-792.5100000000001,1.0,-792.5100000000001,1333830.149999999
2023-01-17,324.56999999999994,1.0,324.56999999999994,1334154.719999999
2023-01-18,1272.9299999999998,1.0,1272.9299999999998,1335427.649999999
2023-01-19,7844.540000000001,1.0,7844.540000000001,1343272.189999999
2023-01-20,881.1700000000001,1.0,881.1700000000001,1344153.359999999
2023-01-23,1370.69,1.0,1370.69,1345524.0499999989
2023-01-24,-304.21999999999997,1.0,-304.21999999999997,1345219.829999999
2023-01-25,2383.24,1.0,2383.24,1347603.069999999
2023-01-26,968.0000000000001,1.0,968.0000000000001,1348571.069999999
2023-01-27,313.0,1.0,313.0,1348884.069999999
2023-01-29,0.0,1.0,0.0,1348884.069999999
2023-01-30,1599.29,1.0,1599.29,1350483.359999999
2023-01-31,4088.9199999999996,1.0,4088.9199999999996,1354572.2799999989
2023-02-01,2351.33,1.0,2351.33,1356923.609999999
2023-02-02,3691.2799999999997,1.0,3691.2799999999997,1360614.889999999
2023-02-03,-520.56,1.0,-520.56,1360094.329999999
2023-02-06,1108.4699999999998,1.0,1108.4699999999998,1361202.7999999989
2023-02-07,-3321.47,1.0,-3321.47,1357881.329999999
2023-02-08,-190.21,1.0,-190.21,1357691.119999999
2023-02-09,4378.32,1.0,4378.32,1362069.439999999
2023-02-10,281.51,1.0,281.51,1362350.949999999
2023-02-13,-2093.25,1.0,-2093.25,1360257.699999999
2023-02-14,754.83,1.0,754.83,1361012.529999999
2023-02-15,4433.780000000001,1.0,4433.780000000001,1365446.3099999991
2023-02-16,1508.4200000000003,1.0,1508.4200000000003,1366954.729999999
2023-02-17,-423.3800000000001,1.0,-423.3800000000001,1366531.3499999992
2023-02-20,117.61,1.0,117.61,1366648.9599999993
2023-02-21,-2238.4100000000003,1.0,-2238.4100000000003,1364410.5499999993
2023-02-22,2268.08,1.0,2268.08,1366678.6299999994
2023-02-23,-3225.56,1.0,-3225.56,1363453.0699999994
2023-02-24,3170.16,1.0,3170.16,1366623.2299999993
2023-02-27,595.65,1.0,595.65,1367218.8799999992
2023-02-28,-4996.299999999999,1.0,-4996.299999999999,1362222.5799999991
2023-03-01,-1233.2400000000002,1.0,-1233.2400000000002,1360989.3399999992
2023-03-02,285.55999999999995,1.0,285.55999999999995,1361274.8999999992
2023-03-03,6732.1,1.0,6732.1,1368006.9999999993
2023-03-06,228.96,1.0,228.96,1368235.9599999993
2023-03-07,1269.0300000000002,1.0,1269.0300000000002,1369504.9899999993
2023-03-08,125.5,1.0,125.5,1369630.4899999993
2023-03-09,511.7800000000001,1.0,511.7800000000001,1370142.2699999993
2023-03-10,2062.4799999999996,1.0,2062.4799999999996,1372204.7499999993
2023-03-13,1273.3599999999997,1.0,1273.3599999999997,1373478.1099999994
2023-03-14,2025.24,1.0,2025.24,1375503.3499999994
2023-03-15,2026.5400000000004,1.0,2026.5400000000004,1377529.8899999994
2023-03-16,1201.3100000000002,1.0,1201.3100000000002,1378731.1999999995
2023-03-17,6035.39,1.0,6035.39,1384766.5899999994
2023-03-18,0.0,1.0,0.0,1384766.5899999994
2023-03-20,3963.63,1.0,3963.63,1388730.2199999993
2023-03-21,196.54000000000002,1.0,196.54000000000002,1388926.7599999993
2023-03-22,2409.42,1.0,2409.42,1391336.1799999992
2023-03-23,1744.5200000000004,1.0,1744.5200000000004,1393080.6999999993
2023-03-24,-2108.27,1.0,-2108.27,1390972.4299999992
2023-03-25,0.0,1.0,0.0,1390972.4299999992
2023-03-27,2453.71,1.0,2453.71,1393426.1399999992
2023-03-28,297.68,1.0,297.68,1393723.8199999991
2023-03-29,657.03,1.0,657.03,1394380.8499999992
2023-03-30,811.5400000000001,1.0,811.5400000000001,1395192.3899999992
2023-03-31,79.42000000000002,1.0,79.42000000000002,1395271.8099999991
2023-04-01,0.0,1.0,0.0,1395271.8099999991
2023-04-03,1437.7799999999997,1.0,1437.7799999999997,1396709.5899999992
2023-04-04,6524.780000000001,1.0,6524.780000000001,1403234.3699999992
2023-04-05,7102.99,1.0,7102.99,1410337.3599999992
2023-04-06,157.40999999999997,1.0,157.40999999999997,1410494.769999999
2023-04-07,0.0,1.0,0.0,1410494.769999999
2023-04-10,1916.98,1.0,1916.98,1412411.749999999
2023-04-11,-1056.19,1.0,-1056.19,1411355.5599999991
2023-04-12,-2068.7200000000003,1.0,-2068.7200000000003,1409286.8399999992
2023-04-13,870.7399999999996,1.0,870.7399999999996,1410157.5799999991
2023-04-14,894.1299999999999,1.0,894.1299999999999,1411051.709999999
2023-04-17,2604.38,1.0,2604.38,1413656.089999999
2023-04-18,-1938.6,1.0,-1938.6,1411717.4899999988
2023-04-19,-223.9000000000001,1.0,-223.9000000000001,1411493.589999999
2023-04-20,570.01,1.0,570.01,1412063.599999999
2023-04-21,-2977.4600000000005,1.0,-2977.4600000000005,1409086.139999999
2023-04-24,-5357.720000000001,1.0,-5357.720000000001,1403728.419999999
2023-04-25,700.93,1.0,700.93,1404429.349999999
2023-04-26,5370.24,1.0,5370.24,1409799.589999999
2023-04-27,3181.33,1.0,3181.33,1412980.919999999
2023-04-28,-425.65,1.0,-425.65,1412555.269999999
2023-04-30,0.0,1.0,0.0,1412555.269999999
2023-05-01,2847.99,1.0,2847.99,1415403.259999999
2023-05-02,2763.31,1.0,2763.31,1418166.5699999991
2023-05-03,2691.32,1.0,2691.32,1420857.8899999992
2023-05-04,8232.09,1.0,8232.09,1429089.9799999993
2023-05-05,3601.7199999999993,1.0,3601.7199999999993,1432691.6999999993
2023-05-08,-1098.59,1.0,-1098.59,1431593.1099999992
2023-05-09,-114.14000000000001,1.0,-114.14000000000001,1431478.9699999993
2023-05-10,2820.1699999999996,1.0,2820.1699999999996,1434299.1399999992
2023-05-11,-41.74000000000002,1.0,-41.74000000000002,1434257.3999999992
2023-05-12,828.98,1.0,828.98,1435086.3799999992
2023-05-13,534.76,1.0,534.76,1435621.1399999992
2023-05-15,55.28000000000003,1.0,55.28000000000003,1435676.4199999992
2023-05-16,-2115.8199999999997,1.0,-2115.8199999999997,1433560.5999999992
2023-05-17,1151.73,1.0,1151.73,1434712.3299999991
2023-05-18,2779.370000000001,1.0,2779.370000000001,1437491.6999999993
2023-05-19,8781.93,1.0,8781.93,1446273.6299999992
2023-05-22,-1332.7300000000002,1.0,-1332.7300000000002,1444940.8999999992
2023-05-23,-2509.27,1.0,-2509.27,1442431.6299999992
2023-05-24,2234.7799999999997,1.0,2234.7799999999997,1444666.4099999992
2023-05-25,4642.55,1.0,4642.55,1449308.9599999993
2023-05-26,5417.01,1.0,5417.01,1454725.9699999993
2023-05-27,0.0,1.0,0.0,1454725.9699999993
2023-05-28,0.0,1.0,0.0,1454725.9699999993
2023-05-29,193.64999999999998,1.0,193.64999999999998,1454919.6199999992
2023-05-30,87.83999999999995,1.0,87.83999999999995,1455007.4599999993
2023-05-31,1319.18,1.0,1319.18,1456326.6399999992
2023-06-01,863.22,1.0,863.22,1457189.8599999992
2023-06-02,282.31,1.0,282.31,1457472.1699999992
2023-06-05,3101.9,1.0,3101.9,1460574.0699999991
2023-06-06,-1355.36,1.0,-1355.36,1459218.709999999
2023-06-07,664.8999999999999,1.0,664.8999999999999,1459883.609999999
2023-06-08,-221.41000000000003,1.0,-221.41000000000003,1459662.199999999
2023-06-09,-1198.8799999999999,1.0,-1198.8799999999999,1458463.3199999991
2023-06-10,0.0,1.0,0.0,1458463.3199999991
2023-06-12,638.72,1.0,638.72,1459102.039999999
2023-06-13,3154.3500000000004,1.0,3154.3500000000004,1462256.3899999992
2023-06-14,-4517.0,1.0,-4517.0,1457739.3899999992
2023-06-15,1209.65,1.0,1209.65,1458949.039999999
2023-06-16,193.18,1.0,193.18,1459142.219999999
2023-06-19,2503.91,1.0,2503.91,1461646.129999999
2023-06-20,1521.57,1.0,1521.57,1463167.699999999
2023-06-21,-3095.41,1.0,-3095.41,1460072.289999999
2023-06-22,-251.42000000000007,1.0,-251.42000000000007,1459820.8699999992
2023-06-23,999.41,1.0,999.41,1460820.279999999
2023-06-26,2042.79,1.0,2042.79,1462863.0699999991
2023-06-27,-0.5700000000000216,1.0,-0.5700000000000216,1462862.499999999
2023-06-28,434.3299999999999,1.0,434.3299999999999,1463296.8299999991
2023-06-29,1763.14,1.0,1763.14,1465059.969999999
2023-06-30,4778.67,1.0,4778.67,1469838.639999999
2023-07-03,653.6499999999999,1.0,653.6499999999999,1470492.2899999989
2023-07-04,-59.98,1.0,-59.98,1470432.309999999
2023-07-05,1273.8100000000002,1.0,1273.8100000000002,1471706.119999999
2023-07-06,3517.59,1.0,3517.59,1475223.709999999
2023-07-07,-2519.5300000000007,1.0,-2519.5300000000007,1472704.179999999
2023-07-10,-1690.99,1.0,-1690.99,1471013.189999999
2023-07-11,-445.93999999999994,1.0,-445.93999999999994,1470567.249999999
2023-07-12,1727.38,1.0,1727.38,1472294.629999999
2023-07-13,6123.39,1.0,6123.39,1478418.0199999989
2023-07-14,2388.29,1.0,2388.29,1480806.309999999
2023-07-17,954.0899999999999,1.0,954.0899999999999,1481760.399999999
2023-07-18,2175.0600000000004,1.0,2175.0600000000004,1483935.459999999
2023-07-19,95.09999999999997,1.0,95.09999999999997,1484030.5599999991
2023-07-20,1784.7599999999998,1.0,1784.7599999999998,1485815.3199999991
2023-07-21,0.0,1.0,0.0,1485815.3199999991
2023-07-22,-451.19,1.0,-451.19,1485364.1299999992
2023-07-24,1212.7099999999998,1.0,1212.7099999999998,1486576.8399999992
2023-07-25,-350.68,1.0,-350.68,1486226.1599999992
2023-07-26,223.06,1.0,223.06,1486449.2199999993
2023-07-27,2078.09,1.0,2078.09,1488527.3099999994
2023-07-28,-740.94,1.0,-740.94,1487786.3699999994
2023-07-30,0.0,1.0,0.0,1487786.3699999994
2023-07-31,-3569.37,1.0,-3569.37,1484216.9999999993
2023-08-01,114.2899999999999,1.0,114.2899999999999,1484331.2899999993
2023-08-02,2330.74,1.0,2330.74,1486662.0299999993
2023-08-03,-2435.33,1.0,-2435.33,1484226.6999999993
2023-08-04,1693.9099999999999,1.0,1693.9099999999999,1485920.6099999992
2023-08-07,-2195.44,1.0,-2195.44,1483725.1699999992
2023-08-08,1153.6799999999998,1.0,1153.6799999999998,1484878.8499999992
2023-08-09,620.71,1.0,620.71,1485499.5599999991
2023-08-10,-272.19999999999993,1.0,-272.19999999999993,1485227.3599999992
2023-08-11,45.98000000000002,1.0,45.98000000000002,1485273.3399999992
2023-08-14,-321.83000000000015,1.0,-321.83000000000015,1484951.509999999
2023-08-15,-545.55,1.0,-545.55,1484405.959999999
2023-08-16,-207.54000000000005,1.0,-207.54000000000005,1484198.419999999
2023-08-17,3142.91,1.0,3142.91,1487341.329999999
2023-08-18,-8944.47,1.0,-8944.47,1478396.859999999
2023-08-21,-3119.1299999999997,1.0,-3119.1299999999997,1475277.729999999
2023-08-22,-1951.6299999999999,1.0,-1951.6299999999999,1473326.0999999992
2023-08-23,4106.030000000001,1.0,4106.030000000001,1477432.1299999992
2023-08-24,1211.2899999999995,1.0,1211.2899999999995,1478643.4199999992
2023-08-25,275.5100000000001,1.0,275.5100000000001,1478918.9299999992
2023-08-28,-1662.8000000000002,1.0,-1662.8000000000002,1477256.1299999992
2023-08-29,3631.75,1.0,3631.75,1480887.8799999992
2023-08-30,306.7,1.0,306.7,1481194.5799999991
2023-08-31,2032.23,1.0,2032.23,1483226.8099999991
2023-09-01,-258.7299999999999,1.0,-258.7299999999999,1482968.0799999991
2023-09-04,-67.12,1.0,-67.12,1482900.959999999
2023-09-05,557.7800000000002,1.0,557.7800000000002,1483458.739999999
2023-09-06,2280.4100000000003,1.0,2280.4100000000003,1485739.149999999
2023-09-07,1378.68,1.0,1378.68,1487117.829999999
2023-09-08,1424.2,1.0,1424.2,1488542.0299999989
2023-09-10,0.0,1.0,0.0,1488542.0299999989
2023-09-11,140.42000000000007,1.0,140.42000000000007,1488682.4499999988
2023-09-12,1539.56,1.0,1539.56,1490222.0099999988
2023-09-13,-753.3700000000001,1.0,-753.3700000000001,1489468.6399999987
2023-09-14,-5212.51,1.0,-5212.51,1484256.1299999987
2023-09-15,22.69999999999996,1.0,22.69999999999996,1484278.8299999987
2023-09-16,0.0,1.0,0.0,1484278.8299999987
2023-09-18,3425.95,1.0,3425.95,1487704.7799999986
2023-09-19,1390.1,1.0,1390.1,1489094.8799999987
2023-09-20,3927.2799999999997,1.0,3927.2799999999997,1493022.1599999988
2023-09-21,1589.75,1.0,1589.75,1494611.9099999988
2023-09-22,2297.58,1.0,2297.58,1496909.4899999988
2023-09-23,0.0,1.0,0.0,1496909.4899999988
2023-09-24,0.0,1.0,0.0,1496909.4899999988
2023-09-25,-337.82000000000005,1.0,-337.82000000000005,1496571.6699999988
2023-09-26,195.45,1.0,195.45,1496767.1199999987
2023-09-27,8381.47,1.0,8381.47,1505148.5899999987
2023-09-28,2955.0699999999997,1.0,2955.0699999999997,1508103.6599999988
2023-09-29,10786.539999999999,1.0,10786.539999999999,1518890.1999999988
2023-10-02,834.6299999999999,1.0,834.6299999999999,1519724.8299999987
2023-10-03,79.81,1.0,79.81,1519804.6399999987
2023-10-04,315.28999999999996,1.0,315.28999999999996,1520119.9299999988
2023-10-05,661.4200000000001,1.0,661.4200000000001,1520781.3499999987
2023-10-06,-1581.41,1.0,-1581.41,1519199.9399999988
2023-10-07,0.0,1.0,0.0,1519199.9399999988
2023-10-09,-211.38,1.0,-211.38,1518988.559999999
2023-10-10,-759.39,1.0,-759.39,1518229.169999999
2023-10-11,4140.99,1.0,4140.99,1522370.159999999
2023-10-12,1794.4199999999996,1.0,1794.4199999999996,1524164.579999999
2023-10-13,510.02000000000004,1.0,510.02000000000004,1524674.599999999
2023-10-14,0.0,1.0,0.0,1524674.599999999
2023-10-15,0.0,1.0,0.0,1524674.599999999
2023-10-16,1899.76,1.0,1899.76,1526574.359999999
2023-10-17,-744.5600000000001,1.0,-744.5600000000001,1525829.7999999989
2023-10-18,13808.77,1.0,13808.77,1539638.569999999
2023-10-19,404.4000000000001,1.0,404.4000000000001,1540042.9699999988
2023-10-20,683.1099999999999,1.0,683.1099999999999,1540726.079999999
2023-10-21,0.0,1.0,0.0,1540726.079999999
2023-10-23,1329.22,1.0,1329.22,1542055.2999999989
2023-10-24,4362.740000000001,1.0,4362.740000000001,1546418.0399999989
2023-10-25,1242.91,1.0,1242.91,1547660.9499999988
2023-10-26,-640.1699999999998,1.0,-640.1699999999998,1547020.7799999989
2023-10-27,6285.67,1.0,6285.67,1553306.4499999988
2023-10-30,-1011.81,1.0,-1011.81,1552294.6399999987
2023-10-31,-698.73,1.0,-698.73,1551595.9099999988
2023-11-01,-2087.2799999999997,1.0,-2087.2799999999997,1549508.6299999987
2023-11-02,593.2499999999999,1.0,593.2499999999999,1550101.8799999987
2023-11-03,1670.3500000000001,1.0,1670.3500000000001,1551772.2299999988
2023-11-06,-394.24,1.0,-394.24,1551377.9899999988
2023-11-07,6391.3,1.0,6391.3,1557769.2899999989
2023-11-08,-433.92999999999995,1.0,-433.92999999999995,1557335.359999999
2023-11-09,1096.9500000000003,1.0,1096.9500000000003,1558432.309999999
2023-11-10,519.04,1.0,519.04,1558951.349999999
2023-11-13,-1609.8799999999999,1.0,-1609.8799999999999,1557341.469999999
2023-11-14,5886.53,1.0,5886.53,1563227.999999999
2023-11-15,-738.2700000000001,1.0,-738.2700000000001,1562489.729999999
2023-11-16,-50.12000000000012,1.0,-50.12000000000012,1562439.609999999
2023-11-17,357.94,1.0,357.94,1562797.5499999989
2023-11-20,-450.1799999999999,1.0,-450.1799999999999,1562347.369999999
2023-11-21,2402.44,1.0,2402.44,1564749.809999999
2023-11-22,-122.48999999999978,1.0,-122.48999999999978,1564627.319999999
2023-11-23,-121.57,1.0,-121.57,1564505.7499999988
2023-11-24,-691.57,1.0,-691.57,1563814.1799999988
2023-11-27,4255.78,1.0,4255.78,1568069.9599999988
2023-11-28,2824.37,1.0,2824.37,1570894.329999999
2023-11-29,3501.7400000000002,1.0,3501.7400000000002,1574396.069999999
2023-11-30,-192.97000000000003,1.0,-192.97000000000003,1574203.099999999
2023-12-01,6835.539999999999,1.0,6835.539999999999,1581038.639999999
2023-12-04,8400.970000000001,1.0,8400.970000000001,1589439.609999999
2023-12-05,435.4999999999999,1.0,435.4999999999999,1589875.109999999
2023-12-06,-306.85,1.0,-306.85,1589568.2599999988
2023-12-07,-939.1,1.0,-939.1,1588629.1599999988
2023-12-08,1442.0900000000001,1.0,1442.0900000000001,1590071.2499999988
2023-12-11,2273.5299999999997,1.0,2273.5299999999997,1592344.7799999989
2023-12-12,1569.99,1.0,1569.99,1593914.7699999989
2023-12-13,3765.82,1.0,3765.82,1597680.589999999
2023-12-14,5179.92,1.0,5179.92,1602860.5099999988
2023-12-15,-226.20000000000002,1.0,-226.20000000000002,1602634.309999999
2023-12-16,0.0,1.0,0.0,1602634.309999999
2023-12-17,0.0,1.0,0.0,1602634.309999999
2023-12-18,1228.4099999999999,1.0,1228.4099999999999,1603862.7199999988
2023-12-19,-219.3800000000001,1.0,-219.3800000000001,1603643.339999999
2023-12-20,2577.71,1.0,2577.71,1606221.0499999989
2023-12-21,-239.91,1.0,-239.91,1605981.139999999
2023-12-22,2032.5600000000004,1.0,2032.5600000000004,1608013.699999999
2023-12-25,3602.91,1.0,3602.91,1611616.609999999
2023-12-26,3496.41,1.0,3496.41,1615113.0199999989
2023-12-27,1264.31,1.0,1264.31,1616377.329999999
2023-12-28,-1113.92,1.0,-1113.92,1615263.409999999
2023-12-29,612.84,1.0,612.84,1615876.249999999
2024-01-01,4410.2699999999995,1.0,4410.2699999999995,1620286.519999999
2024-01-02,2671.9700000000003,1.0,2671.9700000000003,1622958.489999999
2024-01-03,-1065.31,1.0,-1065.31,1621893.179999999
2024-01-04,1944.63,1.0,1944.63,1623837.809999999
2024-01-05,198.82,1.0,198.82,1624036.629999999
2024-01-08,-363.9099999999996,1.0,-363.9099999999996,1623672.719999999
2024-01-09,1432.24,1.0,1432.24,1625104.959999999
2024-01-10,858.27,1.0,858.27,1625963.229999999
2024-01-11,-3164.1699999999996,1.0,-3164.1699999999996,1622799.0599999991
2024-01-12,-1843.4800000000002,1.0,-1843.4800000000002,1620955.5799999991
2024-01-15,-2331.18,1.0,-2331.18,1618624.3999999992
2024-01-16,-1066.2199999999998,1.0,-1066.2199999999998,1617558.1799999992
2024-01-17,2583.24,1.0,2583.24,1620141.4199999992
2024-01-18,2768.4700000000003,1.0,2768.4700000000003,1622909.8899999992
2024-01-19,239.45,1.0,239.45,1623149.3399999992
2024-01-22,1572.1100000000001,1.0,1572.1100000000001,1624721.4499999993
2024-01-23,46.29000000000002,1.0,46.29000000000002,1624767.7399999993
2024-01-24,1408.44,1.0,1408.44,1626176.1799999992
2024-01-25,-124.30999999999999,1.0,-124.30999999999999,1626051.8699999992
2024-01-26,1157.19,1.0,1157.19,1627209.0599999991
2024-01-29,1512.1100000000001,1.0,1512.1100000000001,1628721.1699999992
2024-01-30,766.4599999999998,1.0,766.4599999999998,1629487.6299999992
2024-01-31,1109.9199999999998,1.0,1109.9199999999998,1630597.549999999
2024-02-01,-1128.56,1.0,-1128.56,1629468.989999999
2024-02-02,49.98999999999997,1.0,49.98999999999997,1629518.979999999
2024-02-04,0.0,1.0,0.0,1629518.979999999
2024-02-05,-1636.8900000000003,1.0,-1636.8900000000003,1627882.0899999992
2024-02-06,556.12,1.0,556.12,1628438.2099999993
2024-02-07,2888.94,1.0,2888.94,1631327.1499999992
2024-02-08,-1628.1399999999999,1.0,-1628.1399999999999,1629699.0099999993
2024-02-09,-519.52,1.0,-519.52,1629179.4899999993
2024-02-12,2642.5099999999998,1.0,2642.5099999999998,1631821.9999999993
2024-02-13,2981.41,1.0,2981.41,1634803.4099999992
2024-02-14,3214.79,1.0,3214.79,1638018.1999999993
2024-02-15,2665.72,1.0,2665.72,1640683.9199999992
2024-02-16,535.33,1.0,535.33,1641219.2499999993
2024-02-17,0.0,1.0,0.0,1641219.2499999993
2024-02-19,-272.74,1.0,-272.74,1640946.5099999993
2024-02-20,2227.16,1.0,2227.16,1643173.6699999992
2024-02-21,-176.12000000000012,1.0,-176.12000000000012,1642997.549999999
2024-02-22,-685.8100000000001,1.0,-685.8100000000001,1642311.739999999
2024-02-23,2499.8199999999997,1.0,2499.8199999999997,1644811.5599999991
2024-02-24,0.0,1.0,0.0,1644811.5599999991
2024-02-26,3202.29,1.0,3202.29,1648013.8499999992
2024-02-27,-506.0899999999999,1.0,-506.0899999999999,1647507.759999999
2024-02-28,1113.48,1.0,1113.48,1648621.239999999
2024-02-29,1665.38,1.0,1665.38,1650286.619999999
2024-03-01,5676.76,1.0,5676.76,1655963.379999999
2024-03-04,6720.44,1.0,6720.44,1662683.819999999
2024-03-05,15046.96,1.0,15046.96,1677730.7799999989
2024-03-06,-933.02,1.0,-933.02,1676797.7599999988
2024-03-07,-9.17999999999995,1.0,-9.17999999999995,1676788.579999999
2024-03-08,2253.1200000000003,1.0,2253.1200000000003,1679041.699999999
2024-03-11,-1028.98,1.0,-1028.98,1678012.719999999
2024-03-12,-129.38999999999993,1.0,-129.38999999999993,1677883.3299999991
2024-03-13,-42.76000000000002,1.0,-42.76000000000002,1677840.5699999991
2024-03-14,-1302.21,1.0,-1302.21,1676538.3599999992
2024-03-15,1349.3400000000001,1.0,1349.3400000000001,1677887.6999999993
2024-03-17,0.0,1.0,0.0,1677887.6999999993
2024-03-18,-1927.0700000000002,1.0,-1927.0700000000002,1675960.6299999992
2024-03-19,446.15999999999997,1.0,446.15999999999997,1676406.789999999
2024-03-20,-2954.12,1.0,-2954.12,1673452.669999999
2024-03-21,11652.04,1.0,11652.04,1685104.709999999
2024-03-22,1277.2099999999998,1.0,1277.2099999999998,1686381.919999999
2024-03-23,0.0,1.0,0.0,1686381.919999999
2024-03-25,1924.6100000000001,1.0,1924.6100000000001,1688306.529999999
2024-03-26,604.7,1.0,604.7,1688911.229999999
2024-03-27,1535.1999999999998,1.0,1535.1999999999998,1690446.429999999
2024-03-28,1161.15,1.0,1161.15,1691607.579999999
2024-03-29,35.31,1.0,35.31,1691642.889999999
2024-04-01,1264.09,1.0,1264.09,1692906.979999999
2024-04-02,3088.26,1.0,3088.26,1695995.239999999
2024-04-03,-111.07999999999998,1.0,-111.07999999999998,1695884.159999999
2024-04-04,3747.8499999999995,1.0,3747.8499999999995,1699632.009999999
2024-04-05,1345.79,1.0,1345.79,1700977.799999999
2024-04-07,0.0,1.0,0.0,1700977.799999999
2024-04-08,-507.6700000000001,1.0,-507.6700000000001,1700470.1299999992
2024-04-09,1374.08,1.0,1374.08,1701844.2099999993
2024-04-10,782.3899999999999,1.0,782.3899999999999,1702626.5999999992
2024-04-11,-365.8600000000001,1.0,-365.8600000000001,1702260.739999999
2024-04-12,2581.56,1.0,2581.56,1704842.299999999
2024-04-15,4279.59,1.0,4279.59,1709121.8899999992
2024-04-16,2090.71,1.0,2090.71,1711212.5999999992
2024-04-17,515.4400000000002,1.0,515.4400000000002,1711728.039999999
2024-04-18,460.62,1.0,460.62,1712188.6599999992
2024-04-19,2796.7599999999998,1.0,2796.7599999999998,1714985.4199999992
2024-04-21,0.0,1.0,0.0,1714985.4199999992
2024-04-22,1647.8400000000001,1.0,1647.8400000000001,1716633.2599999993
2024-04-23,8247.12,1.0,8247.12,1724880.3799999994
2024-04-24,1200.0,1.0,1200.0,1726080.3799999994
2024-04-25,2332.74,1.0,2332.74,1728413.1199999994
2024-04-26,242.73000000000013,1.0,242.73000000000013,1728655.8499999994
2024-04-27,0.0,1.0,0.0,1728655.8499999994
2024-04-29,923.5199999999999,1.0,923.5199999999999,1729579.3699999994
2024-04-30,4059.58,1.0,4059.58,1733638.9499999995
2024-05-01,806.6500000000001,1.0,806.6500000000001,1734445.5999999994
2024-05-02,-941.3,1.0,-941.3,1733504.2999999993
2024-05-03,878.0499999999998,1.0,878.0499999999998,1734382.3499999994
2024-05-06,-211.6300000000001,1.0,-211.6300000000001,1734170.7199999995
2024-05-07,99.5,1.0,99.5,1734270.2199999995
2024-05-08,1659.6499999999999,1.0,1659.6499999999999,1735929.8699999994
2024-05-09,370.56,1.0,370.56,1736300.4299999995
2024-05-10,7813.06,1.0,7813.06,1744113.4899999995
2024-05-13,-898.1300000000001,1.0,-898.1300000000001,1743215.3599999996
2024-05-14,-859.78,1.0,-859.78,1742355.5799999996
2024-05-15,-1550.5699999999997,1.0,-1550.5699999999997,1740805.0099999995
2024-05-16,1073.08,1.0,1073.08,1741878.0899999996
2024-05-17,193.76999999999998,1.0,193.76999999999998,1742071.8599999996
2024-05-20,5521.83,1.0,5521.83,1747593.6899999997
2024-05-21,855.8,1.0,855.8,1748449.4899999998
2024-05-22,1399.23,1.0,1399.23,1749848.7199999997
2024-05-23,3875.73,1.0,3875.73,1753724.4499999997
2024-05-24,499.02,1.0,499.02,1754223.4699999997
2024-05-27,4306.78,1.0,4306.78,1758530.2499999998
2024-05-28,-278.5799999999999,1.0,-278.5799999999999,1758251.6699999997
2024-05-29,369.48,1.0,369.48,1758621.1499999997
2024-05-30,-488.0700000000004,1.0,-488.0700000000004,1758133.0799999996
2024-05-31,1168.27,1.0,1168.27,1759301.3499999996
2024-06-03,-729.8599999999997,1.0,-729.8599999999997,1758571.4899999995
2024-06-04,1801.13,1.0,1801.13,1760372.6199999994
2024-06-05,-2449.09,1.0,-2449.09,1757923.5299999993
2024-06-06,2320.5899999999997,1.0,2320.5899999999997,1760244.1199999994
2024-06-07,-1631.4000000000003,1.0,-1631.4000000000003,1758612.7199999995
2024-06-10,-46.75,1.0,-46.75,1758565.9699999995
2024-06-11,4445.879999999999,1.0,4445.879999999999,1763011.8499999994
2024-06-12,-1057.4700000000003,1.0,-1057.4700000000003,1761954.3799999994
2024-06-13,25.47000000000004,1.0,25.47000000000004,1761979.8499999994
2024-06-14,511.0,1.0,511.0,1762490.8499999994
2024-06-17,986.2599999999999,1.0,986.2599999999999,1763477.1099999994
2024-06-18,38.81000000000006,1.0,38.81000000000006,1763515.9199999995
2024-06-19,0.0,1.0,0.0,1763515.9199999995
2024-06-20,4091.8599999999997,1.0,4091.8599999999997,1767607.7799999996
2024-06-21,2655.8599999999997,1.0,2655.8599999999997,1770263.6399999997
2024-06-24,446.1100000000001,1.0,446.1100000000001,1770709.7499999998
2024-06-25,-399.45000000000005,1.0,-399.45000000000005,1770310.2999999998
2024-06-26,173.06999999999994,1.0,173.06999999999994,1770483.3699999999
2024-06-27,-2016.17,1.0,-2016.17,1768467.2
2024-06-28,44.80000000000001,1.0,44.80000000000001,1768512.0
2024-07-01,2654.66,1.0,2654.66,1771166.66
2024-07-02,672.7299999999998,1.0,672.7299999999998,1771839.39
2024-07-03,913.0000000000001,1.0,913.0000000000001,1772752.39
2024-07-04,2334.38,1.0,2334.38,1775086.7699999998
2024-07-05,1506.0499999999995,1.0,1506.0499999999995,1776592.8199999998
2024-07-08,493.1199999999999,1.0,493.1199999999999,1777085.94
2024-07-09,-848.3399999999999,1.0,-848.3399999999999,1776237.5999999999
2024-07-10,880.2100000000005,1.0,880.2100000000005,1777117.8099999998
2024-07-11,10852.25,1.0,10852.25,1787970.0599999998
2024-07-12,2492.37,1.0,2492.37,1790462.43
2024-07-14,0.0,1.0,0.0,1790462.43
2024-07-15,2194.7200000000003,1.0,2194.7200000000003,1792657.15
2024-07-16,2967.8799999999997,1.0,2967.8799999999997,1795625.0299999998
2024-07-17,3691.92,1.0,3691.92,1799316.9499999997
2024-07-18,759.68,1.0,759.68,1800076.6299999997
2024-07-19,1165.64,1.0,1165.64,1801242.2699999996
2024-07-22,495.59999999999997,1.0,495.59999999999997,1801737.8699999996
2024-07-23,-1712.1600000000003,1.0,-1712.1600000000003,1800025.7099999997
2024-07-24,2495.58,1.0,2495.58,1802521.2899999998
2024-07-25,3668.3199999999997,1.0,3668.3199999999997,1806189.6099999999
2024-07-26,454.31000000000006,1.0,454.31000000000006,1806643.92
2024-07-29,794.4399999999998,1.0,794.4399999999998,1807438.3599999999
2024-07-30,980.5300000000001,1.0,980.5300000000001,1808418.89
2024-07-31,1740.8,1.0,1740.8,1810159.69
2024-08-01,5995.13,1.0,5995.13,1816154.8199999998
2024-08-02,-605.1300000000001,1.0,-605.1300000000001,1815549.69
2024-08-05,709.3600000000001,1.0,709.3600000000001,1816259.05
2024-08-06,204.86,1.0,204.86,1816463.9100000001
2024-08-07,639.93,1.0,639.93,1817103.84
2024-08-08,1003.56,1.0,1003.56,1818107.4000000001
2024-08-09,521.97,1.0,521.97,1818629.37
2024-08-12,1093.02,1.0,1093.02,1819722.3900000001
2024-08-13,1982.9900000000002,1.0,1982.9900000000002,1821705.3800000001
2024-08-14,-5477.650000000001,1.0,-5477.650000000001,1816227.7300000002
2024-08-15,1851.21,1.0,1851.21,1818078.9400000002
2024-08-16,3572.9700000000003,1.0,3572.9700000000003,1821651.9100000001
2024-08-18,0.0,1.0,0.0,1821651.9100000001
2024-08-19,767.4799999999999,1.0,767.4799999999999,1822419.3900000001
2024-08-20,3066.3500000000004,1.0,3066.3500000000004,1825485.7400000002
2024-08-21,-550.4000000000001,1.0,-550.4000000000001,1824935.3400000003
2024-08-22,-593.5799999999998,1.0,-593.5799999999998,1824341.7600000002
2024-08-23,-3327.7200000000003,1.0,-3327.7200000000003,1821014.0400000003
2024-08-26,-2266.5699999999997,1.0,-2266.5699999999997,1818747.4700000002
2024-08-27,543.15,1.0,543.15,1819290.62
2024-08-28,-3899.33,1.0,-3899.33,1815391.29
2024-08-29,-2396.0,1.0,-2396.0,1812995.29
2024-08-30,-2940.74,1.0,-2940.74,1810054.55
2024-09-02,371.42999999999995,1.0,371.42999999999995,1810425.98
2024-09-03,2527.75,1.0,2527.75,1812953.73
2024-09-04,1929.65,1.0,1929.65,1814883.38
2024-09-05,-1634.2500000000002,1.0,-1634.2500000000002,1813249.13
2024-09-06,1035.95,1.0,1035.95,1814285.0799999998
2024-09-09,-778.4599999999999,1.0,-778.4599999999999,1813506.6199999999
2024-09-10,-221.82,1.0,-221.82,1813284.7999999998
2024-09-11,-1108.2399999999998,1.0,-1108.2399999999998,1812176.5599999998
2024-09-12,3217.9999999999995,1.0,3217.9999999999995,1815394.5599999998
2024-09-13,3566.6000000000004,1.0,3566.6000000000004,1818961.16
2024-09-16,203.76999999999987,1.0,203.76999999999987,1819164.93
2024-09-17,4488.13,1.0,4488.13,1823653.0599999998
2024-09-18,-1541.1399999999999,1.0,-1541.1399999999999,1822111.92
2024-09-19,1196.52,1.0,1196.52,1823308.44
2024-09-20,1469.6100000000001,1.0,1469.6100000000001,1824778.05
2024-09-23,465.9599999999999,1.0,465.9599999999999,1825244.01
2024-09-24,-2066.3,1.0,-2066.3,1823177.71
2024-09-25,-1032.3799999999999,1.0,-1032.3799999999999,1822145.33
2024-09-26,927.96,1.0,927.96,1823073.29
2024-09-27,270.88,1.0,270.88,1823344.17
2024-09-30,2157.2,1.0,2157.2,1825501.3699999999
2024-10-01,1910.57,1.0,1910.57,1827411.94
2024-10-02,-1243.47,1.0,-1243.47,1826168.47
2024-10-03,-608.6099999999999,1.0,-608.6099999999999,1825559.8599999999
2024-10-04,-396.31,1.0,-396.31,1825163.5499999998
2024-10-05,0.0,1.0,0.0,1825163.5499999998
2024-10-07,-427.4699999999998,1.0,-427.4699999999998,1824736.0799999998
2024-10-08,-659.76,1.0,-659.76,1824076.3199999998
2024-10-09,-2024.72,1.0,-2024.72,1822051.5999999999
2024-10-10,-4896.539999999999,1.0,-4896.539999999999,1817155.0599999998
2024-10-11,803.5999999999999,1.0,803.5999999999999,1817958.66
2024-10-14,3265.02,1.0,3265.02,1821223.68
2024-10-15,2961.29,1.0,2961.29,1824184.97
2024-10-16,115.20000000000005,1.0,115.20000000000005,1824300.17
2024-10-17,-2078.82,1.0,-2078.82,1822221.3499999999
2024-10-18,476.3599999999999,1.0,476.3599999999999,1822697.71
2024-10-21,1424.4900000000002,1.0,1424.4900000000002,1824122.2
2024-10-22,-736.9100000000001,1.0,-736.9100000000001,1823385.29
2024-10-23,1360.17,1.0,1360.17,1824745.46
2024-10-24,124.5,1.0,124.5,1824869.96
2024-10-25,1365.8500000000001,1.0,1365.8500000000001,1826235.81
2024-10-28,1476.6599999999999,1.0,1476.6599999999999,1827712.47
2024-10-29,4618.73,1.0,4618.73,1832331.2
2024-10-30,2591.83,1.0,2591.83,1834923.03
2024-10-31,3674.1600000000003,1.0,3674.1600000000003,1838597.19
2024-11-01,173.85000000000002,1.0,173.85000000000002,1838771.04
2024-11-04,-384.64000000000004,1.0,-384.64000000000004,1838386.4000000001
2024-11-05,147.99,1.0,147.99,1838534.3900000001
2024-11-06,11554.109999999999,1.0,11554.109999999999,1850088.5000000002
2024-11-07,64.1,1.0,64.1,1850152.6000000003
2024-11-08,0.0,1.0,0.0,1850152.6000000003
2024-11-11,1372.49,1.0,1372.49,1851525.0900000003
2024-11-12,1348.3700000000001,1.0,1348.3700000000001,1852873.4600000004
2024-11-13,-759.7000000000002,1.0,-759.7000000000002,1852113.7600000005
2024-11-14,-39.34000000000003,1.0,-39.34000000000003,1852074.4200000004
2024-11-15,2630.21,1.0,2630.21,1854704.6300000004
2024-11-18,1172.87,1.0,1172.87,1855877.5000000005
2024-11-19,-1172.0299999999997,1.0,-1172.0299999999997,1854705.4700000004
2024-11-20,67.73000000000002,1.0,67.73000000000002,1854773.2000000004
2024-11-21,-849.92,1.0,-849.92,1853923.2800000005
2024-11-22,348.38,1.0,348.38,1854271.6600000004
2024-11-24,0.0,1.0,0.0,1854271.6600000004
2024-11-25,-273.67,1.0,-273.67,1853997.9900000005
2024-11-26,-431.06,1.0,-431.06,1853566.9300000004
2024-11-27,723.9399999999999,1.0,723.9399999999999,1854290.8700000003
2024-11-28,0.0,1.0,0.0,1854290.8700000003
2024-11-29,1399.88,1.0,1399.88,1855690.7500000002
2024-12-02,-1015.0200000000002,1.0,-1015.0200000000002,1854675.7300000002
2024-12-03,941.01,1.0,941.01,1855616.7400000002
2024-12-04,2261.96,1.0,2261.96,1857878.7000000002
2024-12-05,521.9699999999999,1.0,521.9699999999999,1858400.6700000002
2024-12-06,2276.4,1.0,2276.4,1860677.07
2024-12-09,2934.55,1.0,2934.55,1863611.62
2024-12-10,2641.94,1.0,2641.94,1866253.56
2024-12-11,1270.29,1.0,1270.29,1867523.85
2024-12-12,-5013.79,1.0,-5013.79,1862510.06
2024-12-13,-1394.0,1.0,-1394.0,1861116.06
2024-12-14,0.0,1.0,0.0,1861116.06
2024-12-16,-17.91999999999996,1.0,-17.91999999999996,1861098.1400000001
2024-12-17,587.75,1.0,587.75,1861685.8900000001
2024-12-18,15714.46,1.0,15714.46,1877400.35
2024-12-19,4418.18,1.0,4418.18,1881818.53
2024-12-20,1317.81,1.0,1317.81,1883136.34
2024-12-23,-799.1700000000001,1.0,-799.1700000000001,1882337.1700000002
2024-12-24,2188.3100000000004,1.0,2188.3100000000004,1884525.4800000002
2024-12-25,-275.12,1.0,-275.12,1884250.36
2024-12-26,667.3499999999999,1.0,667.3499999999999,1884917.7100000002
2024-12-27,-1261.5400000000002,1.0,-1261.5400000000002,1883656.1700000002
2024-12-30,3645.4700000000003,1.0,3645.4700000000003,1887301.6400000001
2024-12-31,-1304.9,1.0,-1304.9,1885996.7400000002
2025-01-01,0.0,1.0,0.0,1885996.7400000002
2025-01-02,3535.57,1.0,3535.57,1889532.3100000003
2025-01-03,1551.98,1.0,1551.98,1891084.2900000003
2025-01-06,3564.49,1.0,3564.49,1894648.7800000003
2025-01-07,-55.67999999999995,1.0,-55.67999999999995,1894593.1000000003
2025-01-08,-4270.85,1.0,-4270.85,1890322.2500000002
2025-01-09,-362.49,1.0,-362.49,1889959.7600000002
2025-01-10,3864.5800000000004,1.0,3864.5800000000004,1893824.3400000003
2025-01-13,-595.5999999999999,1.0,-595.5999999999999,1893228.7400000002
2025-01-14,690.8,1.0,690.8,1893919.5400000003
2025-01-15,2502.9300000000003,1.0,2502.9300000000003,1896422.4700000002
2025-01-16,-109.54000000000019,1.0,-109.54000000000019,1896312.9300000002
2025-01-17,1001.55,1.0,1001.55,1897314.4800000002
2025-01-20,1475.15,1.0,1475.15,1898789.6300000001
2025-01-21,-1233.9700000000003,1.0,-1233.9700000000003,1897555.6600000001
2025-01-22,2357.0499999999997,1.0,2357.0499999999997,1899912.7100000002
2025-01-23,1813.58,1.0,1813.58,1901726.2900000003
2025-01-24,1847.8799999999999,1.0,1847.8799999999999,1903574.1700000002
2025-01-27,7063.639999999999,1.0,7063.639999999999,1910637.81
2025-01-28,-662.42,1.0,-662.42,1909975.3900000001
2025-01-29,-2239.35,1.0,-2239.35,1907736.04
2025-01-30,1559.1499999999999,1.0,1559.1499999999999,1909295.19
2025-01-31,4158.74,1.0,4158.74,1913453.93
2025-02-02,0.0,1.0,0.0,1913453.93
2025-02-03,5039.290000000001,1.0,5039.290000000001,1918493.22
2025-02-04,-918.7900000000001,1.0,-918.7900000000001,1917574.43
2025-02-05,-483.78000000000003,1.0,-483.78000000000003,1917090.65
2025-02-06,-1492.1399999999999,1.0,-1492.1399999999999,1915598.51
2025-02-07,387.64,1.0,387.64,1915986.15
2025-02-08,0.0,1.0,0.0,1915986.15
2025-02-10,-42.219999999999985,1.0,-42.219999999999985,1915943.93
2025-02-11,-540.1,1.0,-540.1,1915403.8299999998
2025-02-12,-663.4799999999998,1.0,-663.4799999999998,1914740.3499999999
2025-02-13,-226.85999999999999,1.0,-226.85999999999999,1914513.4899999998
2025-02-14,-595.72,1.0,-595.72,1913917.7699999998
2025-02-17,-40.920000000000016,1.0,-40.920000000000016,1913876.8499999999
2025-02-18,839.77,1.0,839.77,1914716.6199999999
2025-02-19,-3474.4,1.0,-3474.4,1911242.22
2025-02-20,874.2,1.0,874.2,1912116.42
2025-02-21,1094.9099999999999,1.0,1094.9099999999999,1913211.3299999998
2025-02-24,-2509.1299999999997,1.0,-2509.1299999999997,1910702.2
2025-02-25,4585.86,1.0,4585.86,1915288.06
2025-02-26,164.05,1.0,164.05,1915452.11
2025-02-27,2588.55,1.0,2588.55,1918040.6600000001
2025-02-28,2920.95,1.0,2920.95,1920961.61
2025-03-03,740.3899999999999,1.0,740.3899999999999,1921702.0
2025-03-04,1102.65,1.0,1102.65,1922804.65
2025-03-05,296.69,1.0,296.69,1923101.3399999999
2025-03-06,-2664.82,1.0,-2664.82,1920436.5199999998
2025-03-07,-210.8899999999997,1.0,-210.8899999999997,1920225.63
2025-03-09,0.0,1.0,0.0,1920225.63
2025-03-10,1759.29,1.0,1759.29,1921984.92
2025-03-11,642.95,1.0,642.95,1922627.8699999999
2025-03-12,1761.9600000000003,1.0,1761.9600000000003,1924389.8299999998
2025-03-13,7201.75,1.0,7201.75,1931591.5799999998
2025-03-14,8334.5,1.0,8334.5,1939926.0799999998
2025-03-17,1703.9400000000003,1.0,1703.9400000000003,1941630.0199999998
2025-03-18,2608.76,1.0,2608.76,1944238.7799999998
2025-03-19,1108.4299999999998,1.0,1108.4299999999998,1945347.2099999997
2025-03-20,-389.7400000000001,1.0,-389.7400000000001,1944957.4699999997
2025-03-21,514.64,1.0,514.64,1945472.1099999996
2025-03-24,1997.97,1.0,1997.97,1947470.0799999996
2025-03-25,0.0,1.0,0.0,1947470.0799999996
2025-03-26,1191.82,1.0,1191.82,1948661.8999999997
2025-03-27,-2338.37,1.0,-2338.37,1946323.5299999996
2025-03-28,4021.43,1.0,4021.43,1950344.9599999995
2025-03-31,5632.9400000000005,1.0,5632.9400000000005,1955977.8999999994
2025-04-01,1293.3,1.0,1293.3,1957271.1999999995
2025-04-02,2521.3599999999997,1.0,2521.3599999999997,1959792.5599999996
2025-04-03,11270.340000000002,1.0,11270.340000000002,1971062.8999999997
2025-04-04,1446.72,1.0,1446.72,1972509.6199999996
2025-04-06,0.0,1.0,0.0,1972509.6199999996
2025-04-07,4979.88,1.0,4979.88,1977489.4999999995
2025-04-08,-996.0899999999999,1.0,-996.0899999999999,1976493.4099999995
2025-04-09,8309.51,1.0,8309.51,1984802.9199999995
2025-04-10,832.8800000000001,1.0,832.8800000000001,1985635.7999999993
2025-04-11,2299.2,1.0,2299.2,1987934.9999999993
2025-04-14,27.209999999999994,1.0,27.209999999999994,1987962.2099999993
2025-04-15,527.97,1.0,527.97,1988490.1799999992
2025-04-16,-1685.7200000000003,1.0,-1685.7200000000003,1986804.4599999993
2025-04-17,5571.4400000000005,1.0,5571.4400000000005,1992375.8999999992
2025-04-18,0.0,1.0,0.0,1992375.8999999992
2025-04-19,0.0,1.0,0.0,1992375.8999999992
2025-04-21,6820.530000000001,1.0,6820.530000000001,1999196.4299999992
2025-04-22,-630.44,1.0,-630.44,1998565.9899999993
2025-04-23,3627.29,1.0,3627.29,2002193.2799999993
2025-04-24,-694.17,1.0,-694.17,2001499.1099999994
2025-04-25,531.0,1.0,531.0,2002030.1099999994
2025-04-28,-229.63000000000002,1.0,-229.63000000000002,2001800.4799999995
2025-04-29,-29.88,1.0,-29.88,2001770.5999999996
2025-04-30,3343.64,1.0,3343.64,2005114.2399999995
2025-05-01,8840.5,1.0,8840.5,2013954.7399999995
2025-05-02,75.88999999999999,1.0,75.88999999999999,2014030.6299999994
2025-05-05,926.3900000000001,1.0,926.3900000000001,2014957.0199999993
2025-05-06,758.03,1.0,758.03,2015715.0499999993
2025-05-07,-1738.55,1.0,-1738.55,2013976.4999999993
2025-05-08,2258.71,1.0,2258.71,2016235.2099999993
2025-05-09,-109.71,1.0,-109.71,2016125.4999999993
2025-05-11,0.0,1.0,0.0,2016125.4999999993
2025-05-12,-348.3200000000006,1.0,-348.3200000000006,2015777.1799999992
2025-05-13,1762.18,1.0,1762.18,2017539.3599999992
2025-05-14,4833.19,1.0,4833.19,2022372.549999999
2025-05-15,4695.419999999999,1.0,4695.419999999999,2027067.969999999
2025-05-16,94.10000000000001,1.0,94.10000000000001,2027162.0699999991
2025-05-18,0.0,1.0,0.0,2027162.0699999991
2025-05-19,817.8400000000001,1.0,817.8400000000001,2027979.9099999992
2025-05-20,2070.39,1.0,2070.39,2030050.299999999
2025-05-21,-2085.75,1.0,-2085.75,2027964.549999999
2025-05-22,778.07,1.0,778.07,2028742.6199999992
2025-05-23,4875.0199999999995,1.0,4875.0199999999995,2033617.6399999992
2025-05-24,0.0,1.0,0.0,2033617.6399999992
2025-05-26,-113.36000000000001,1.0,-113.36000000000001,2033504.279999999
2025-05-27,232.64,1.0,232.64,2033736.919999999
2025-05-28,70.98999999999995,1.0,70.98999999999995,2033807.909999999
2025-05-29,-10.079999999999927,1.0,-10.079999999999927,2033797.829999999
2025-05-30,1452.6599999999999,1.0,1452.6599999999999,2035250.4899999988
2025-06-02,202.70000000000005,1.0,202.70000000000005,2035453.1899999988
2025-06-03,4145.8099999999995,1.0,4145.8099999999995,2039598.9999999988
2025-06-04,-751.52,1.0,-751.52,2038847.4799999988
2025-06-05,5686.66,1.0,5686.66,2044534.1399999987
2025-06-06,1462.92,1.0,1462.92,2045997.0599999987
2025-06-08,0.0,1.0,0.0,2045997.0599999987
2025-06-09,1264.22,1.0,1264.22,2047261.2799999986
2025-06-10,-960.74,1.0,-960.74,2046300.5399999986
2025-06-11,-283.61,1.0,-283.61,2046016.9299999985
2025-06-12,343.93999999999994,1.0,343.93999999999994,2046360.8699999985
2025-06-13,11596.75,1.0,11596.75,2057957.6199999985
2025-06-16,785.8,1.0,785.8,2058743.4199999985
2025-06-17,868.83,1.0,868.83,2059612.2499999986
2025-06-18,-638.5400000000001,1.0,-638.5400000000001,2058973.7099999986
2025-06-19,1038.53,1.0,1038.53,2060012.2399999986
2025-06-20,-984.1100000000001,1.0,-984.1100000000001,2059028.1299999985
2025-06-23,112.71999999999997,1.0,112.71999999999997,2059140.8499999985
2025-06-24,-31.949999999999847,1.0,-31.949999999999847,2059108.8999999985
2025-06-25,1416.92,1.0,1416.92,2060525.8199999984
2025-06-26,668.05,1.0,668.05,2061193.8699999985
2025-06-27,3323.41,1.0,3323.41,2064517.2799999984
2025-06-29,0.0,1.0,0.0,2064517.2799999984
2025-06-30,-1024.87,1.0,-1024.87,2063492.4099999983
2025-07-01,-459.46000000000004,1.0,-459.46000000000004,2063032.9499999983
2025-07-02,-873.9300000000002,1.0,-873.9300000000002,2062159.0199999984
2025-07-03,1366.6599999999999,1.0,1366.6599999999999,2063525.6799999983
2025-07-04,393.89,1.0,393.89,2063919.5699999982
2025-07-07,-6.229999999999961,1.0,-6.229999999999961,2063913.3399999982
2025-07-08,226.95000000000005,1.0,226.95000000000005,2064140.2899999982
2025-07-09,-1577.88,1.0,-1577.88,2062562.4099999983
2025-07-10,116.15999999999997,1.0,116.15999999999997,2062678.5699999982
2025-07-11,-109.68999999999994,1.0,-109.68999999999994,2062568.8799999983
2025-07-14,-3209.0799999999995,1.0,-3209.0799999999995,2059359.7999999982
2025-07-15,-184.89,1.0,-184.89,2059174.9099999983
2025-07-16,-2195.3399999999997,1.0,-2195.3399999999997,2056979.5699999982
2025-07-17,-113.42999999999995,1.0,-113.42999999999995,2056866.1399999983
2025-07-18,484.22,1.0,484.22,2057350.3599999982
2025-07-19,0.0,1.0,0.0,2057350.3599999982
2025-07-20,0.0,1.0,0.0,2057350.3599999982
2025-07-21,193.74000000000024,1.0,193.74000000000024,2057544.0999999982
2025-07-22,-112.38000000000034,1.0,-112.38000000000034,2057431.7199999983
2025-07-23,4859.34,1.0,4859.34,2062291.0599999984
2025-07-24,-3036.58,1.0,-3036.58,2059254.4799999984
2025-07-25,1217.3,1.0,1217.3,2060471.7799999984
2025-07-27,0.0,1.0,0.0,2060471.7799999984
2025-07-28,-205.22,1.0,-205.22,2060266.5599999984
2025-07-29,-1786.3,1.0,-1786.3,2058480.2599999984
2025-07-30,-2770.54,1.0,-2770.54,2055709.7199999983
2025-07-31,655.3600000000001,1.0,655.3600000000001,2056365.0799999984
2025-08-01,3843.06,1.0,3843.06,2060208.1399999985
2025-08-04,-1067.18,1.0,-1067.18,2059140.9599999986
2025-08-05,-118.41999999999994,1.0,-118.41999999999994,2059022.5399999986
2025-08-06,-1068.18,1.0,-1068.18,2057954.3599999987
2025-08-07,3014.8999999999996,1.0,3014.8999999999996,2060969.2599999986
2025-08-08,90.37,1.0,90.37,2061059.6299999987
2025-08-09,0.0,1.0,0.0,2061059.6299999987
2025-08-11,1069.1799999999998,1.0,1069.1799999999998,2062128.8099999987
2025-08-12,-1166.71,1.0,-1166.71,2060962.0999999987
2025-08-13,1406.9299999999998,1.0,1406.9299999999998,2062369.0299999986
2025-08-14,51.219999999999914,1.0,51.219999999999914,2062420.2499999986
2025-08-15,-41.47000000000003,1.0,-41.47000000000003,2062378.7799999986
2025-08-18,1137.31,1.0,1137.31,2063516.0899999987
2025-08-19,-391.61,1.0,-391.61,2063124.4799999986
2025-08-20,3296.74,1.0,3296.74,2066421.2199999986
2025-08-21,-121.24000000000001,1.0,-121.24000000000001,2066299.9799999986
2025-08-22,8375.09,1.0,8375.09,2074675.0699999987
2025-08-24,0.0,1.0,0.0,2074675.0699999987
2025-08-25,-817.91,1.0,-817.91,2073857.1599999988
2025-08-26,-1464.7800000000002,1.0,-1464.7800000000002,2072392.3799999987
2025-08-27,-1485.51,1.0,-1485.51,2070906.8699999987
2025-08-28,2408.8,1.0,2408.8,2073315.6699999988
2025-08-29,2854.3799999999997,1.0,2854.3799999999997,2076170.0499999986
2025-09-01,950.4699999999997,1.0,950.4699999999997,2077120.5199999986
2025-09-02,5237.26,1.0,5237.26,2082357.7799999986
2025-09-03,487.80000000000007,1.0,487.80000000000007,2082845.5799999987
2025-09-04,-281.14,1.0,-281.14,2082564.4399999988
2025-09-05,1214.3,1.0,1214.3,2083778.7399999988
2025-09-08,570.5,1.0,570.5,2084349.2399999988
2025-09-09,-47.12999999999985,1.0,-47.12999999999985,2084302.109999999
2025-09-10,-694.7800000000001,1.0,-694.7800000000001,2083607.329999999
2025-09-11,-179.49999999999994,1.0,-179.49999999999994,2083427.829999999
2025-09-12,6.5,1.0,6.5,2083434.329999999
2025-09-15,-1164.8200000000002,1.0,-1164.8200000000002,2082269.5099999988
2025-09-16,3870.05,1.0,3870.05,2086139.559999999
2025-09-17,-2385.2299999999996,1.0,-2385.2299999999996,2083754.329999999
2025-09-18,642.9900000000001,1.0,642.9900000000001,2084397.319999999
2025-09-19,265.28,1.0,265.28,2084662.599999999
2025-09-22,9322.61,1.0,9322.61,2093985.209999999
2025-09-23,6295.4800000000005,1.0,6295.4800000000005,2100280.689999999
2025-09-24,358.20000000000005,1.0,358.20000000000005,2100638.889999999
2025-09-25,-441.51,1.0,-441.51,2100197.3799999994
2025-09-26,78.49000000000001,1.0,78.49000000000001,2100275.8699999996
2025-09-29,3635.81,1.0,3635.81,2103911.6799999997
2025-09-30,6817.719999999999,1.0,6817.719999999999,2110729.4
2025-10-01,1335.33,1.0,1335.33,2112064.73
2025-10-02,-1467.3599999999997,1.0,-1467.3599999999997,2110597.37
2025-10-03,986.8800000000001,1.0,986.8800000000001,2111584.25
2025-10-06,2754.71,1.0,2754.71,2114338.96
2025-10-07,1571.88,1.0,1571.88,2115910.84
2025-10-08,269.07000000000005,1.0,269.07000000000005,2116179.9099999997
2025-10-09,1124.6799999999998,1.0,1124.6799999999998,2117304.59
2025-10-10,4819.280000000001,1.0,4819.280000000001,2122123.8699999996
2025-10-13,-1546.0000000000005,1.0,-1546.0000000000005,2120577.8699999996
2025-10-14,4604.23,1.0,4604.23,2125182.0999999996
2025-10-15,225.19000000000005,1.0,225.19000000000005,2125407.2899999996
2025-10-16,-1649.77,1.0,-1649.77,2123757.5199999996
2025-10-17,-458.88,1.0,-458.88,2123298.6399999997
2025-10-20,-269.39,1.0,-269.39,2123029.2499999995
2025-10-21,-820.23,1.0,-820.23,2122209.0199999996
2025-10-22,1316.35,1.0,1316.35,2123525.3699999996
2025-10-23,-888.2700000000001,1.0,-888.2700000000001,2122637.0999999996
2025-10-24,1207.7500000000002,1.0,1207.7500000000002,2123844.8499999996
2025-10-26,0.0,1.0,0.0,2123844.8499999996
2025-10-27,2938.78,1.0,2938.78,2126783.6299999994
2025-10-28,3707.88,1.0,3707.88,2130491.5099999993
2025-10-29,2056.49,1.0,2056.49,2132547.9999999995
2025-10-30,264.92999999999984,1.0,264.92999999999984,2132812.9299999997
2025-10-31,813.06,1.0,813.06,2133625.9899999998
2025-11-03,1844.7000000000003,1.0,1844.7000000000003,2135470.69
2025-11-04,1124.3600000000001,1.0,1124.3600000000001,2136595.05
2025-11-05,170.86,1.0,170.86,2136765.9099999997
2025-11-06,2148.42,1.0,2148.42,2138914.3299999996
2025-11-07,2210.04,1.0,2210.04,2141124.3699999996
2025-11-10,3519.7500000000005,1.0,3519.7500000000005,2144644.1199999996
2025-11-11,253.66000000000003,1.0,253.66000000000003,2144897.78
2025-11-12,9019.310000000001,1.0,9019.310000000001,2153917.09
2025-11-13,2017.6399999999999,1.0,2017.6399999999999,2155934.73
2025-11-14,2778.9100000000003,1.0,2778.9100000000003,2158713.64
2025-11-17,293.6,1.0,293.6,2159007.24
2025-11-18,-53.07999999999993,1.0,-53.07999999999993,2158954.16
2025-11-19,2179.55,1.0,2179.55,2161133.71
2025-11-20,1537.8899999999999,1.0,1537.8899999999999,2162671.6
2025-11-21,71.99000000000001,1.0,71.99000000000001,2162743.5900000003
2025-11-24,454.4999999999999,1.0,454.4999999999999,2163198.0900000003
2025-11-25,235.5,1.0,235.5,2163433.5900000003
2025-11-26,2169.84,1.0,2169.84,2165603.43
2025-11-27,-133.0,1.0,-133.0,2165470.43
2025-11-28,687.1500000000005,1.0,687.1500000000005,2166157.58
2025-12-01,-1030.8000000000002,1.0,-1030.8000000000002,2165126.7800000003
2025-12-02,1090.07,1.0,1090.07,2166216.85
2025-12-03,-2136.43,1.0,-2136.43,2164080.42
2025-12-04,-1204.2599999999998,1.0,-1204.2599999999998,2162876.16
2025-12-05,-580.6800000000001,1.0,-580.6800000000001,2162295.48
2025-12-08,-390.23999999999995,1.0,-390.23999999999995,2161905.2399999998
2025-12-09,2398.7599999999998,1.0,2398.7599999999998,2164303.9999999995
2025-12-10,-1166.5300000000002,1.0,-1166.5300000000002,2163137.4699999997
2025-12-11,-4838.369999999999,1.0,-4838.369999999999,2158299.0999999996
2025-12-12,6694.71,1.0,6694.71,2164993.8099999996
2025-12-14,0.0,1.0,0.0,2164993.8099999996
2025-12-15,1427.3300000000002,1.0,1427.3300000000002,2166421.1399999997
2025-12-16,774.2,1.0,774.2,2167195.34
2025-12-17,2194.3500000000004,1.0,2194.3500000000004,2169389.69
2025-12-18,3055.32,1.0,3055.32,2172445.01
2025-12-19,569.2199999999999,1.0,569.2199999999999,2173014.23
2025-12-22,3285.03,1.0,3285.03,2176299.26
2025-12-23,2700.4900000000002,1.0,2700.4900000000002,2178999.75
2025-12-24,843.8400000000001,1.0,843.8400000000001,2179843.59
2025-12-25,-397.32000000000005,1.0,-397.32000000000005,2179446.27
2025-12-26,-255.77,1.0,-255.77,2179190.5
2025-12-29,4419.0599999999995,1.0,4419.0599999999995,2183609.56
2025-12-30,149.31,1.0,149.31,2183758.87
2025-12-31,2717.1800000000003,1.0,2717.1800000000003,2186476.0500000003
2026-01-01,49.25,1.0,49.25,2186525.3000000003
2026-01-02,1406.66,1.0,1406.66,2187931.9600000004
2026-01-05,1734.36,1.0,1734.36,2189666.3200000003
2026-01-06,-65.65999999999997,1.0,-65.65999999999997,2189600.66
2026-01-07,40.80000000000004,1.0,40.80000000000004,2189641.46
2026-01-08,489.28,1.0,489.28,2190130.7399999998
2026-01-09,-962.2199999999999,1.0,-962.2199999999999,2189168.5199999996
2026-01-12,8713.869999999999,1.0,8713.869999999999,2197882.3899999997
2026-01-13,-240.3599999999999,1.0,-240.3599999999999,2197642.03
2026-01-14,-775.3200000000002,1.0,-775.3200000000002,2196866.71
2026-01-15,-147.34999999999997,1.0,-147.34999999999997,2196719.36
2026-01-16,2116.5,1.0,2116.5,2198835.86
2026-01-19,5683.54,1.0,5683.54,2204519.4
2026-01-20,6921.86,1.0,6921.86,2211441.26
2026-01-21,6156.69,1.0,6156.69,2217597.9499999997
2026-01-22,347.31999999999994,1.0,347.31999999999994,2217945.2699999996
2026-01-23,47.57999999999993,1.0,47.57999999999993,2217992.8499999996
2026-01-25,0.0,1.0,0.0,2217992.8499999996
2026-01-26,-469.49,1.0,-469.49,2217523.3599999994
2026-01-27,2174.1,1.0,2174.1,2219697.4599999995
2026-01-28,-404.18999999999994,1.0,-404.18999999999994,2219293.2699999996
2026-01-29,3734.2200000000003,1.0,3734.2200000000003,2223027.4899999998
2026-01-30,236.07,1.0,236.07,2223263.5599999996
2026-01-31,0.0,1.0,0.0,2223263.5599999996
2026-02-02,-2875.7099999999996,1.0,-2875.7099999999996,2220387.8499999996
2026-02-03,579.45,1.0,579.45,2220967.3
2026-02-04,3180.96,1.0,3180.96,2224148.26
2026-02-05,-723.9100000000001,1.0,-723.9100000000001,2223424.3499999996
2026-02-06,1294.18,1.0,1294.18,2224718.53
2026-02-09,1365.1599999999999,1.0,1365.1599999999999,2226083.69
2026-02-10,-380.62,1.0,-380.62,2225703.07
2026-02-11,-571.04,1.0,-571.04,2225132.03
2026-02-12,2515.4300000000003,1.0,2515.4300000000003,2227647.46
2026-02-13,452.67999999999995,1.0,452.67999999999995,2228100.14
2026-02-16,1150.95,1.0,1150.95,2229251.0900000003
2026-02-17,-2758.0699999999997,1.0,-2758.0699999999997,2226493.0200000005
2026-02-18,-496.19000000000005,1.0,-496.19000000000005,2225996.8300000005
2026-02-19,-56.69,1.0,-56.69,2225940.1400000006
2026-02-20,-2521.7999999999997,1.0,-2521.7999999999997,2223418.340000001
2026-02-22,0.0,1.0,0.0,2223418.340000001
2026-02-23,6086.179999999999,1.0,6086.179999999999,2229504.520000001
2026-02-24,75.94999999999999,1.0,75.94999999999999,2229580.470000001
2026-02-25,4754.93,1.0,4754.93,2234335.4000000013
2026-02-26,-338.43,1.0,-338.43,2233996.970000001
2026-02-27,-1233.1000000000001,1.0,-1233.1000000000001,2232763.870000001
2026-03-02,5413.6,1.0,5413.6,2238177.470000001
2026-03-03,222.91000000000008,1.0,222.91000000000008,2238400.3800000013
2026-03-04,1721.1299999999999,1.0,1721.1299999999999,2240121.510000001
2026-03-05,-345.8,1.0,-345.8,2239775.7100000014
2026-03-06,674.4499999999999,1.0,674.4499999999999,2240450.1600000015
2026-03-09,1917.01,1.0,1917.01,2242367.1700000013
2026-03-10,2168.4500000000003,1.0,2168.4500000000003,2244535.6200000015
2026-03-11,-169.8,1.0,-169.8,2244365.8200000017
2026-03-12,215.23,1.0,215.23,2244581.0500000017
2026-03-13,-1152.11,1.0,-1152.11,2243428.940000002
2026-03-16,-338.18999999999994,1.0,-338.18999999999994,2243090.750000002
2026-03-17,85.19,1.0,85.19,2243175.940000002
2026-03-18,4312.78,1.0,4312.78,2247488.7200000016
2026-03-19,4087.2799999999997,1.0,4087.2799999999997,2251576.0000000014
2026-03-20,2790.9700000000003,1.0,2790.9700000000003,2254366.9700000016
2026-03-22,0.0,1.0,0.0,2254366.9700000016
2026-03-23,254.84000000000037,1.0,254.84000000000037,2254621.8100000015
2026-03-24,-230.51000000000005,1.0,-230.51000000000005,2254391.3000000017
2026-03-25,-348.7199999999999,1.0,-348.7199999999999,2254042.5800000015
2026-03-26,-169.49,1.0,-169.49,2253873.0900000012
2026-03-27,375.81,1.0,375.81,2254248.9000000013
2026-03-30,2119.9300000000003,1.0,2119.9300000000003,2256368.8300000015
2026-03-31,-2307.65,1.0,-2307.65,2254061.1800000016
2026-04-01,190.66,1.0,190.66,2254251.8400000017
2026-04-02,-1962.7500000000002,1.0,-1962.7500000000002,2252289.0900000017
2026-04-03,0.0,1.0,0.0,2252289.0900000017
2026-04-06,1478.79,1.0,1478.79,2253767.8800000018
2026-04-07,276.6,1.0,276.6,2254044.480000002
2026-04-08,8145.5,1.0,8145.5,2262189.980000002
2026-04-09,493.0300000000001,1.0,493.0300000000001,2262683.0100000016
2026-04-10,-1633.6999999999998,1.0,-1633.6999999999998,2261049.3100000015
2026-04-13,-717.22,1.0,-717.22,2260332.0900000012
2026-04-14,2359.79,1.0,2359.79,2262691.8800000013
2026-04-15,-1388.66,1.0,-1388.66,2261303.220000001
2026-04-16,986.3700000000001,1.0,986.3700000000001,2262289.5900000012
2026-04-17,1906.0799999999997,1.0,1906.0799999999997,2264195.6700000013
2026-04-20,-799.63,1.0,-799.63,2263396.0400000014
2026-04-21,184.63,1.0,184.63,2263580.6700000013
2026-04-22,1319.73,1.0,1319.73,2264900.4000000013
2026-04-23,-3165.33,1.0,-3165.33,2261735.070000001
2026-04-24,298.93999999999994,1.0,298.93999999999994,2262034.010000001
2026-04-27,1598.9099999999999,1.0,1598.9099999999999,2263632.9200000013
2026-04-28,6264.85,1.0,6264.85,2269897.7700000014
2026-04-29,2482.29,1.0,2482.29,2272380.0600000015
2026-04-30,-829.45,1.0,-829.45,2271550.6100000013
2026-05-01,1439.2999999999997,1.0,1439.2999999999997,2272989.910000001
2026-05-03,0.0,1.0,0.0,2272989.910000001
2026-05-04,-687.8100000000002,1.0,-687.8100000000002,2272302.100000001
2026-05-05,-4706.66,1.0,-4706.66,2267595.440000001
2026-05-06,6456.16,1.0,6456.16,2274051.600000001
2026-05-07,-216.49999999999994,1.0,-216.49999999999994,2273835.100000001
2026-05-08,-6.349999999999994,1.0,-6.349999999999994,2273828.750000001
2026-05-09,0.0,1.0,0.0,2273828.750000001
2026-05-11,856.8499999999999,1.0,856.8499999999999,2274685.600000001
2026-05-12,-2758.71,1.0,-2758.71,2271926.890000001
2026-05-13,369.33000000000004,1.0,369.33000000000004,2272296.220000001
2026-05-14,-352.9000000000001,1.0,-352.9000000000001,2271943.320000001
2026-05-15,4587.76,1.0,4587.76,2276531.080000001
2026-05-16,0.0,1.0,0.0,2276531.080000001
2026-05-18,5863.75,1.0,5863.75,2282394.830000001
2026-05-19,-36.680000000000064,1.0,-36.680000000000064,2282358.150000001
2026-05-20,-506.84000000000003,1.0,-506.84000000000003,2281851.310000001
2026-05-21,-918.62,1.0,-918.62,2280932.690000001
2026-05-22,1130.04,1.0,1130.04,2282062.730000001
2026-05-25,488.93,1.0,488.93,2282551.660000001
2026-05-26,-1962.85,1.0,-1962.85,2280588.810000001
2026-05-27,729.52,1.0,729.52,2281318.330000001
2026-05-28,-302.47999999999996,1.0,-302.47999999999996,2281015.850000001
2026-05-29,-882.52,1.0,-882.52,2280133.330000001
2026-06-01,335.47,1.0,335.47,2280468.800000001
2026-06-02,781.8600000000001,1.0,781.8600000000001,2281250.660000001
2026-06-03,650.0799999999999,1.0,650.0799999999999,2281900.740000001
2026-06-04,1326.49,1.0,1326.49,2283227.2300000014
2026-06-05,3624.6400000000003,1.0,3624.6400000000003,2286851.8700000015
2026-06-08,6350.83,1.0,6350.83,2293202.7000000016
2026-06-09,6007.590000000001,1.0,6007.590000000001,2299210.2900000014
2026-06-10,761.23,1.0,761.23,2299971.5200000014
2026-06-11,5407.15,1.0,5407.15,2305378.6700000013
2026-06-12,252.53999999999996,1.0,252.53999999999996,2305631.2100000014
2026-06-15,1166.9300000000003,1.0,1166.9300000000003,2306798.1400000015
2026-06-16,-207.65,1.0,-207.65,2306590.4900000016
2026-06-17,2924.5299999999997,1.0,2924.5299999999997,2309515.0200000014
2026-06-18,-1370.02,1.0,-1370.02,2308145.0000000014
2026-06-19,-249.83,1.0,-249.83,2307895.1700000013
2026-06-20,0.0,1.0,0.0,2307895.1700000013
2026-06-22,-1538.46,1.0,-1538.46,2306356.7100000014
2026-06-23,4205.2,1.0,4205.2,2310561.9100000015
2026-06-24,9526.83,1.0,9526.83,2320088.7400000016
2026-06-25,2164.01,1.0,2164.01,2322252.7500000014
2026-06-26,547.1700000000001,1.0,547.1700000000001,2322799.9200000013
2026-06-29,-1258.69,1.0,-1258.69,2321541.2300000014
2026-06-30,3137.23,1.0,3137.23,2324678.4600000014
2026-07-01,645.0199999999998,1.0,645.0199999999998,2325323.4800000014
2026-07-02,601.1599999999999,1.0,601.1599999999999,2325924.6400000015
2026-07-03,1076.8,1.0,1076.8,2327001.4400000013
2026-07-06,1898.7799999999997,1.0,1898.7799999999997,2328900.220000001
2026-07-07,671.17,1.0,671.17,2329571.390000001
2026-07-08,-540.0200000000004,1.0,-540.0200000000004,2329031.370000001
2026-07-09,-1798.75,1.0,-1798.75,2327232.620000001
2026-07-10,-2664.11,1.0,-2664.11,2324568.510000001
2026-07-11,0.0,1.0,0.0,2324568.510000001
2026-07-13,-781.3000000000002,1.0,-781.3000000000002,2323787.2100000014
2026-07-14,1294.1799999999998,1.0,1294.1799999999998,2325081.3900000015
2026-07-15,-544.38,1.0,-544.38,2324537.0100000016
2026-07-16,149.00000000000006,1.0,149.00000000000006,2324686.0100000016
2026-07-17,-543.75,1.0,-543.75,2324142.2600000016
2026-07-20,447.23000000000013,1.0,447.23000000000013,2324589.4900000016
2026-07-21,-1151.03,1.0,-1151.03,2323438.460000002
2026-07-22,1181.33,1.0,1181.33,2324619.790000002
2026-07-23,-416.02,1.0,-416.02,2324203.770000002
2026-07-24,241.94999999999982,1.0,241.94999999999982,2324445.720000002
2026-07-25,0.0,1.0,0.0,2324445.720000002
2026-07-27,185.18000000000006,1.0,185.18000000000006,2324630.9000000022
2026-07-28,2441.33,1.0,2441.33,2327072.2300000023
2026-07-29,-1102.9899999999998,1.0,-1102.9899999999998,2325969.240000002
2026-07-30,1031.25,1.0,1031.25,2327000.490000002
2026-07-31,1236.77,1.0,1236.77,2328237.260000002
2026-08-02,0.0,1.0,0.0,2328237.260000002
2026-08-03,84.50999999999999,1.0,84.50999999999999,2328321.770000002
2026-08-04,1910.9499999999998,1.0,1910.9499999999998,2330232.720000002
2026-08-05,18298.76,1.0,18298.76,2348531.480000002
2026-08-06,0.0,1.0,0.0,2348531.480000002
2026-08-07,-282.53999999999996,1.0,-282.53999999999996,2348248.940000002
2026-08-10,-1214.0900000000001,1.0,-1214.0900000000001,2347034.850000002
2026-08-11,2418.0999999999995,1.0,2418.0999999999995,2349452.950000002
2026-08-12,-4400.25,1.0,-4400.25,2345052.700000002
